symbol,sector,fullTimeEmployees,city,state,country,industry,ebitdaMargins,profitMargins,grossMargins,operatingCashflow,revenueGrowth,operatingMargins,currentPrice,earningsGrowth,currentRatio,returnOnAssets,debtToEquity,returnOnEquity,revenuePerShare,quickRatio,shortRatio,beta,pegRatio,payoutRatio
A,Healthcare,16400,Santa Clara,CA,United States,Diagnostics & Research,0.28688,0.16118999,0.53647,1420999936,0.258,0.23592,150.4004,0.344,2.107,0.0904,57.784,0.19945998,20.072,1.479,2.23,0.993006,0.77,0.2374
AAL,Industrials,117400,Fort Worth,TX,United States,Airlines,-0.40993,-0.31082,-0.2489,-1823000064,3.61,-0.52783,20.175,,1.052,-0.08998,,,31.674,0.892,2.56,1.77893,0.02,0
AAP,Consumer Cyclical,40000,Raleigh,NC,United States,Specialty Retail,0.11545999,0.059169997,0.44679,1288711936,0.234,0.09229,213.76,3.46,1.317,0.05175,99.793,0.18054001,158.215,0.352,7.31,1.371705,1.23,0.1073
AAPL,Technology,147000,Cupertino,CA,United States,Consumer Electronics,0.31955,0.25004,0.41005,1.04E+11,0.364,0.28788,143.755,1,1.062,0.19302,210.782,1.27125,20.61,0.887,1.14,1.202797,1.4,0.16309999
ABBV,Healthcare,48000,North Chicago,IL,United States,Drug Manufacturers—General,0.51499003,0.12401,0.68121004,20451000320,0.339,0.35173,110.65,,0.906,0.0794,652.342,0.48855,30.364,0.645,2.49,0.789133,1.9,1.3405
ABC,Healthcare,41000,Conshohocken,PA,United States,Medical Distribution,0.015470001,-0.01832,0.0304,2956001024,0.177,0.01334,122.11,-0.007,0.941,0.03522,2054.661,-1.7075,996.876,0.518,1.87,0.538755,1.1,
ABMD,Healthcare,1725,Danvers,MA,United States,Medical Devices,0.30991,0.16510001,0.81704,298177984,0.532,0.28342,332.1875,,6.452,0.12236,0.433,0.12818,20.685,5.407,4.27,1.302313,8.42,0
ABT,Healthcare,109000,North Chicago,IL,United States,Medical Devices,0.27738002,0.1533,0.56837004,9822999552,0.353,0.18544,117.595,2.213,1.751,0.06202,54.587,0.17815,21.036,1.161,1.77,0.67519,2.31,0.47959998
ACN,Technology,506000,Dublin,,Ireland,Information Technology Services,0.16749,0.12051,0.31989,9694850048,0.207,0.15032,327.25,0.262,1.416,0.116730005,17.331,0.32209998,75.472,1.305,2.93,1.107584,3.28,0.38439998
ADBE,Technology,22516,San Jose,CA,United States,Software—Infrastructure,0.39815,0.38794,0.87865996,6977999872,0.226,0.3575,577.76,0.022,1.315,0.13627,33.88,0.45138,30.027,1.179,2.95,0.964497,2.94,0
ADI,Technology,15900,Wilmington,MA,United States,Semiconductors,0.45013002,0.26153,0.68044,2466942976,0.208,0.32747,169.07,0.392,1.106,0.06158,43.466,0.14152999,17.631,0.825,2.22,1.213973,1.59,0.5733
ADM,Consumer Defensive,37575,Chicago,IL,United States,Farm Products,0.04849,0.030869998,0.07214,1057000000,0.408,0.03542,64.1,0.507,1.648,0.03481,49.783,0.113170005,133.434,0.376,1.94,0.87882,1.32,0.3561
ADP,Industrials,56000,Roseland,NJ,United States,Staffing & Employment Services,0.25765,0.17317,0.45104,3093299968,0.107,0.22361,204.49,0.326,1.069,0.04769,60.782,0.45499,35.199,0.139,2.53,0.745502,2.97,0.6096
ADSK,Technology,11500,San Rafael,CA,United States,Software—Application,0.19391,0.33315,0.91947,1446000000,0.117,0.17001,279.06,1.333,0.481,0.06444,185.324,2.62266,17.74,0.399,2.06,1.331521,2.17,0
AEE,Utilities,9183,Saint Louis,MO,United States,Utilities—Regulated Electric,0.44237,0.16077,0.50758,1468999936,0.055,0.25074,81.34,-0.184,0.972,0.02812,136.374,0.103970006,22.826,0.432,2.8,0.2762,3.06,0.5797
AEP,Utilities,16787,Columbus,OH,United States,Utilities—Regulated Electric,0.37214002,0.14807001,0.45778,3130599936,0.095,0.20605,82.39,0.095,0.442,0.02507,171.322,0.11129,31.734,0.268,2.94,0.261462,3.22,0.62259996
AES,Utilities,8162,Arlington,VA,United States,Utilities—Diversified,0.35834,-0.02471,0.26795,2635000064,0.127,0.25038,24.09,,1.242,0.04494,347.137,-0.020750001,14.962,0.68,1.38,0.792391,1.95,
AFL,Financial Services,12003,Columbus,GA,United States,Insurance—Life,0.24497,0.25231,0.39946,5685000192,0.029,0.24319,54.685,0.446,0.626,0.021960001,33.363,0.18386999,33.116,0.477,6.26,1.004912,1.64,0.1475
AIG,Financial Services,45000,New York,NY,United States,Insurance—Diversified,0.21952999,0.09495,0.31248,4087000064,0.127,0.1309,58.12,,0.734,0.00621,53.397,0.06719,51.154,0.212,2.55,1.341269,0.36,0.2689
AIZ,Financial Services,13600,New York,NY,United States,Insurance—Specialty,0.10459,0.04632,0.107930005,1578800000,0.081,0.088640004,161.98,0.18,0.696,0.0126,43.167,0.07779,171.276,0.128,2.48,0.662117,1,0.348
AJG,Financial Services,33406,Rolling Meadows,IL,United States,Insurance Brokers,0.24606001,0.11999,0.36515,1638599936,0.224,0.17816,156.85,0.165,1.326,0.03367,76.503,0.13485,38.045,1.008,1.84,0.693777,2.6,0.41799998
AKAM,Technology,8275,Cambridge,MA,United States,Software—Infrastructure,0.32733002,0.17518,0.63595,1320992000,0.073,0.22036,102.3,-0.041,3.48,0.06064,63.284,0.13941,20.468,3.202,8.62,0.449704,1.68,0
ALB,Basic Materials,5900,Charlotte,NC,United States,Specialty Chemicals,0.25524,0.11314,0.31575,801809024,0.122,0.18052,215.48,-0.168,2.108,0.03607,36.384,0.08828,29.811,1.22,2.45,1.551686,2.26,0.4612
ALGN,Healthcare,18975,Tempe,AZ,United States,Medical Devices,0.22770001,0.1627,0.72662,879577024,0.624,0.19274001,635.69,-0.869,1.518,0.07509,2.515,0.14668,35.705,1.328,4.25,1.688586,2.1,0
ALK,Industrials,17140,Seattle,WA,United States,Airlines,-0.63036,-0.44848,-0.43050998,-100000000,-0.513,-0.78033996,58.77,,0.9,-0.09629,178.261,-0.35501,22.024,0.854,2.06,1.817391,1.55,0
ALL,Financial Services,41860,Northbrook,IL,United States,Insurance—Property & Casualty,0.22378,0.08104,0.31941,5530999808,0.216,0.20486,127.81,0.36,0.726,0.050040003,28.363,0.2709,163.167,0.17,3.83,0.853146,-10.47,0.113299996
AMAT,Technology,26000,Santa Clara,CA,United States,Semiconductor Equipment & Materials,0.3206,0.24538,0.46749002,5608999936,0.41,0.30276,128.01,1.055,2.975,0.17930001,47.421,0.49073002,23.65,2.049,1.62,1.437227,0.96,0.1565
AMCR,Consumer Cyclical,47000,Zurich,,Switzerland,Packaging & Containers,0.15681,0.06878,0.21566999,1531200000,0.021,0.11241999,11.7,0.518,1.3,0.05342,149.926,0.18285999,8.044,0.673,7.89,0.421288,2.9,0.84239995
AMD,Technology,12600,Santa Clara,CA,United States,Semiconductors,0.19331,0.25241,0.44791,2034000000,0.929,0.16363001,105.75,2.318,2.513,0.14682999,8.507,0.60605,9.56,1.851,1.77,2.030978,1.35,0
AME,Industrials,16500,Berwyn,PA,United States,Specialty Industrial Machinery,0.29569,0.17787,0.35854,,0.37,0.24351,125.84,0.389,1.099,0.06798,46.696,0.14819,21.407,0.616,2.29,1.331882,-24.18,0.21200001
AMGN,Healthcare,24300,Thousand Oaks,CA,United States,Drug Manufacturers—General,0.48740003,0.22547,0.75337,9555999744,0.052,0.35756,207.91,-0.735,1.309,0.091280006,397.502,0.60785,44.014,0.861,4.3,0.672489,2.31,0.6829
AMP,Financial Services,12300,Minneapolis,MN,United States,Asset Management,0.17076,0.08207,0.40233,851000000,0.253,0.15296,279.76,,2.549,0.0076,108.143,0.17479,107.693,1.79,4.97,1.682625,1.34,0.4786
AMT,Real Estate,5618,Boston,MA,United States,REIT—Specialty,0.64018995,0.25845,0.72565,4137200128,0.202,0.40366,262.46,0.65,0.564,0.04314,630.518,0.3824,19.275,0.495,3.34,0.280423,3.24,0.97980005
AMZN,Consumer Cyclical,1335000,Seattle,WA,United States,Internet Retail,0.13382,0.06641,0.40679002,59322998784,0.272,0.06685,3256.455,0.468,1.196,0.05988,107.355,0.31229,881.308,0.989,1.84,1.159259,1.81,0
ANET,Technology,2613,Santa Clara,CA,United States,Computer Hardware,0.32553002,0.27716,0.63869,920092032,0.308,0.30702,377.2,0.35,5.033,0.10569999,1.739,0.21638,34.518,4.24,3.64,1.146834,2.73,0
ANSS,Technology,4800,Canonsburg,PA,United States,Software—Application,0.35073003,0.26455998,0.89008003,571004992,0.191,0.29804,347.385,0.547,2.662,0.062649995,22.634,0.124309994,20.205,2.529,1.77,1.210869,4.29,0
ANTM,Healthcare,83400,Indianapolis,IN,United States,Healthcare Plans,0.06447,0.03274,0.26117,6850999808,0.157,0.05846,384.08,-0.186,1.487,0.0513,69.103,0.12204,523.048,1.346,3.06,1.037117,1.1,0.24360001
AON,Financial Services,50000,Dublin,,Ireland,Insurance Brokers,0.30491,0.17778999,0.46025002,2908999936,0.156,0.27651,294.48,-0.024,1.124,0.06106,184.125,0.51827997,51.381,0.259,12.73,0.857988,1.75,0.2053
AOS,Industrials,13900,Milwaukee,WI,United States,Specialty Industrial Machinery,0.19066,0.12911999,0.38227,612400000,0.207,0.16443,64.71,0.879,1.864,0.102180004,8.356,0.22561,18.752,1.435,4.34,1.06343,3.33,0.41669998
APA,Energy,2272,Houston,TX,United States,Oil & Gas E&P,0.53360003,0.1178,0.62668,2441999872,1.374,-0.45578,24.51,,1.661,-0.12952,1260.75,2.1510699,15.944,1.307,1.43,4.938864,-0.25,0.053200003
APD,Basic Materials,19000,Allentown,PA,United States,Chemicals,0.36630002,0.20154,0.31174,3767099904,0.261,0.23376,268.7746,0.192,3.106,0.05612,57.092,0.1546,44.238,2.816,2.63,0.790747,2.51,0.6455
APH,Technology,80000,Wallingford,CT,United States,Electronic Components,0.23082,0.14164,0.31070998,1528700032,0.277,0.19650999,75.32,0.325,2.428,0.0888,83.972,0.26123,15.269,1.685,1.61,1.247826,2.44,0.32849997
APTV,Consumer Cyclical,151000,Dublin,,Ireland,Auto Parts,0.14908,0.06722,0.18256001,1907000064,0.942,0.099429995,162.52,,2.063,0.05906,52.094,0.13878,58.132,1.543,2.08,2.110807,0.85,0
ARE,Real Estate,470,Pasadena,CA,United States,REIT—Office,0.62691003,0.45347,0.72316,940667008,0.162,0.29381,191.52,0.434,2.854,0.01575,56.934,0.07214,14.907,2.421,6.13,0.741796,553.1,0.645
ATO,Utilities,4694,Dallas,TX,United States,Utilities—Regulated Gas,0.41313,0.20583999,0.5092,-1015953984,0.228,0.27281,89.45,-0.186,1.05,0.03306,94.323,0.09584,25.908,0.852,3.46,0.398471,2.47,0.46400002
ATVI,Communication Services,9500,Santa Monica,CA,United States,Electronic Gaming & Multimedia,0.37894002,0.2919,0.72924006,2568000000,0.188,0.36194,76.83,0.493,4.832,0.09234,22.142,0.17412001,11.548,4.575,1.54,0.589519,1.53,0.14109999
AVB,Real Estate,2966,Arlington,VA,United States,REIT—Residential,0.59151,0.48227,0.62202,,-0.027,0.2698,223.78,1.643,,0.01951,69.042,0.09906,16.034,,3.05,,17.21,0.8249
AVGO,Technology,21000,San Jose,CA,United States,Semiconductors,0.52531,0.22900999,0.73614,13571000320,0.164,0.28842,495.98,1.881,2.405,0.06159,166.032,0.25320998,64.975,2.052,3.71,0.955786,1.19,1.0407
AVY,Industrials,31840,Glendale,CA,United States,Business Equipment & Supplies,0.15852,0.093389995,0.28305998,1044099968,0.375,0.13463001,205.98,1.305,1.316,0.10974,122.036,0.50406,94.631,0.824,1.42,1.009825,2.57,0.2857
AWK,Utilities,7000,Camden,NJ,United States,Utilities—Regulated Water,0.49883997,0.19259001,0.56338,1415000064,0.073,0.3389,169.52,0.173,0.918,0.03365,165.785,0.114980005,21.486,0.382,2.6,0.223776,5.11,0.5467
AXP,Financial Services,63700,New York,NY,United States,Credit Services,0,0.18424,0.72283,11144999936,0.773,0.2281,173.89,8.655,1.578,0.03741,153.976,0.30154,47.492,1.559,2.73,1.271834,0.45,0.2
AZO,Consumer Cyclical,60000,Memphis,TN,United States,Specialty Retail,0.23677,0.14899999,0.53028,3647346944,0.314,0.20849001,1680.165,0.84,0.888,0.13745,,,625.824,0.198,2.36,0.952124,1.22,0
BA,Industrials,141000,Chicago,IL,United States,Aerospace & Defense,-0.029089998,-0.14303,0.03996,-12698000384,0.44,-0.06526,228.8022,,1.35,-0.01613,,,106.463,0.375,0.87,1.620763,-38.94,0
BAC,Financial Services,212000,Charlotte,NC,United States,Banks—Diversified,0,0.3184,0,-39682998272,0.342,0.32126,44.1374,1.791,,0.00957,,0.1018,9.979,,1.54,1.551371,0.52,0.24
BAX,Healthcare,50000,Deerfield,IL,United States,Medical Instruments & Supplies,0.22695999,0.09038,0.39951,1972999936,0.051,0.15579,79.17,-0.094,2.465,0.059710003,77.267,0.1328,23.239,1.623,3.02,0.67791,1.99,0.4734
BBY,Consumer Cyclical,61200,Richfield,MN,United States,Specialty Retail,0.07969,0.04851,0.22726,2003000064,0.196,0.06334,109.215,0.758,1.162,0.114989996,94.579,0.62517,204.243,0.511,3.43,1.551851,1.3,0.2551
BDX,Healthcare,72000,Franklin Lakes,NJ,United States,Medical Instruments & Supplies,0.29648,0.09826,0.48494998,5176999936,0.268,0.1842,236.65,0.773,1.231,0.0423,73.474,0.081190005,68.514,0.678,2.64,0.768013,1.96,0.5182
BEN,Financial Services,10600,San Mateo,CA,United States,Asset Management,0.27632,0.15654,0.41146,1058099968,0.871,0.23843999,30.3,0.477,3.822,0.06115,32.27,0.12217,16.208,1.863,5.32,1.247982,0.92,0.5702
BIIB,Healthcare,9100,Cambridge,MA,United States,Drug Manufacturers—General,0.32453,0.16397,0.83949995,2810299904,-0.246,0.24025999,285.83,-0.688,2.146,0.07029,68.063,0.22143999,76.481,1.542,1.36,0.385691,-2.25,0
BIO,Healthcare,7700,Hercules,CA,United States,Medical Devices,0.24706,1.4047501,0.57392,688632000,0.334,0.19976,719.4,-0.057,3.899,0.02852,1.829,0.42700002,96.687,2.662,4.28,0.887301,3.21,0
BK,Financial Services,48800,New York,NY,United States,Asset Management,0,0.23136,0,-432000000,0.046,0.29123,55.83,0.119,,0.00804,,0.08151,17.798,,1.54,1.077461,1.17,0.3204
BKNG,Consumer Cyclical,19500,Norwalk,CT,United States,Travel Services,0.13122,0.05767,0.68714,1288000000,2.429,0.06853,2480.38,,2.051,0.013730001,260.158,0.094110005,175.194,1.937,2.4,1.259279,0.27,0
BKR,Energy,54000,Houston,TX,United States,Oil & Gas Equipment & Services,0.11504,-0.00822,0.16888,1504000000,-0.119,0.05254,25.405,,1.585,0.01779,43.733,-0.015140001,28.794,1.041,1.84,1.734782,0.09,2.25
BLK,Financial Services,16900,New York,NY,United States,Asset Management,0.41434,0.30385,0.50855,4227000064,0.321,0.39286,848.35,0.136,1.379,0.02654,18.802,0.16781999,118.461,0.522,4.03,1.168122,1.49,0.4366
BLL,Consumer Cyclical,21500,Westminster,CO,United States,Packaging & Containers,0.15979,0.06808,0.20721,1832000000,0.235,0.10744,91.44,1.179,0.85,0.048,219.562,0.26611,39.046,0.539,4.94,0.469978,1.82,0.2299
BMY,Healthcare,30250,New York,NY,United States,Drug Manufacturers—General,0.42439,-0.114429995,0.79576,12506000384,0.155,0.18547001,57.29,,1.536,0.043080002,125.544,-0.1176,19.783,1.213,2.94,0.587882,1.2,
BR,Technology,12000,Lake Success,NY,United States,Information Technology Services,0.20717,0.107130006,0.28725,632099968,0.112,0.14428,168.4,-0.021,1.375,0.08614001,127.735,0.37023,41.784,1.225,3.73,0.87663,2.26,0.5148
BSX,Healthcare,38000,Marlborough,MA,United States,Medical Devices,0.23345,0.024500001,0.68307,1868999936,0.082,0.12339,42.51,28.221,1.798,0.02559,60.106,0.0168,7.118,1.075,1.51,0.882608,1.31,0
BWA,Consumer Cyclical,50000,Auburn Hills,MI,United States,Auto Parts,0.16209,0.05489,0.20166,1479000064,1.635,0.113170005,47.33,,1.693,0.07399,65.181,0.14968,62.113,1.201,8.98,1.466666,0.47,0.19479999
BXP,Real Estate,750,Boston,MA,United States,REIT—Office,0.57295,0.11491,0.62476003,1163043968,0.08,0.32588002,114.445,-0.585,3.451,0.02483,160.767,0.049569998,17.624,3.067,7.55,1.239913,6.42,2.0417
C,Financial Services,214000,New York,NY,United States,Banks—Diversified,0,0.30115998,0,22150000640,0.583,0.37735,72.241,6.508,,0.0095,,0.10967,34.54,,2.35,1.91048,0.25,0.2092
CAG,Consumer Defensive,16500,Chicago,IL,United States,Packaged Foods,0.21564,0.10148,0.29341,2006099968,0.085,0.18579,33.485,0.382,0.798,0.0615,114.123,0.14725,24.067,0.28,5.25,0.821739,7.4,0.4012
CAH,Healthcare,46354,Dublin,OH,United States,Medical Distribution,0.015859999,0.00376,0.04172,2428999936,0.161,0.011039999,48.825,-0.82,1.124,0.02631,374.303,0.34133,556.394,0.453,1.76,1.067778,1.41,0.9368
CAT,Industrials,97300,Deerfield,IL,United States,Farm & Heavy Construction Machinery,0.1816,0.07991,0.25146,7125000192,0.118,0.12791,194.578,0.399,1.602,0.04389,229.825,0.22304001,79.044,1.071,1.82,0.916304,0.67,0.65919995
CB,Financial Services,31000,Zurich,,Switzerland,Insurance—Property & Casualty,0.19886999,0.20944999,0.28038,11315000320,0.072,0.19143999,183.26,,0.355,0.02467,32.473,0.14243001,86.816,0.168,1.9,0.731576,0.56,0.1736
CBRE,Real Estate,100000,Dallas,TX,United States,Real Estate Services,0.089540005,0.04836,0.21334,2033742976,0.2,0.05672,97.94,4.417,1.389,0.05179,53.775,0.16833,74.365,1.095,4.63,1.493813,1.83,0
CCI,Real Estate,4900,Houston,TX,United States,REIT—Specialty,0.55747,0.17579001,0.67819,3016999936,0.099,0.29865998,169.695,0.884,0.659,0.02826,302.835,0.12136,14.03,0.469,3.34,0.389456,3.67,1.9962
CCL,Consumer Cyclical,70000,Miami,FL,United States,Travel Services,0,0,0,-7359000064,-0.934,-42.709217,23.999,,1.165,-0.07177,180.365,-0.47143,0.144,1.084,1.93,2.307692,0.04,0
CDNS,Technology,8800,San Jose,CA,United States,Software—Application,0.31167,0.23468,0.8905,930897024,0.141,0.26063,150.65,0.191,1.572,0.11595,13.795,0.28426,10.554,1.342,2.47,1.016137,4.45,0
CDW,Technology,10666,Lincolnshire,IL,United States,Information Technology Services,0.083900005,0.04763,0.17183,1143399936,0.179,0.06863,175.23,0.473,1.438,0.095249996,425.791,0.89165,139.05,1.141,2.29,1.110807,2.07,0.24159999
CE,Basic Materials,7700,Irving,TX,United States,Chemicals,0.24293,0.36009997,0.27851,1248000000,0.842,0.19205,160.255,4.281,1.907,0.08106,94.684,0.72103995,60.921,1.349,1.64,1.231845,0.33,0.12
CERN,Healthcare,26400,North Kansas City,MO,United States,Health Information Services,0.25199,0.12538,0.82908,1714178048,0.095,0.17125,70.815,-0.753,1.647,0.08222,46.297,0.17481,18.424,1.375,8.74,0.737566,1.98,0.3684
CF,Basic Materials,2970,Deerfield,IL,United States,Agricultural Inputs,0.37993,0.09945,0.2325,1219000064,0.319,0.18604,62.27,0.287,2.44,0.044510003,66.23,0.106639996,21.336,1.832,1.56,1.094708,-2.02,0.5714
CFG,Financial Services,17472,Providence,RI,United States,Banks—Regional,0,0.30897,0,1414000000,0.417,0.38952,48.48,1.73,,0.01112,,0.08896,15.399,,1.28,1.739107,-3.08,0.3482
CHD,Consumer Defensive,5100,Ewing,NJ,United States,Household & Personal Products,0.22196,0.1596,0.44105,736000000,0.064,0.18541999,83.11,0.16,0.82,0.08186,63.117,0.25263,20.476,0.39,4.55,0.393222,3.84,0.3069
CHRW,Industrials,14997,Eden Prairie,MN,United States,Integrated Freight & Logistics,0.050229996,0.03496,0.074,384000000,0.263,0.04575,91.21,1.246,1.482,0.0942,89.513,0.34820998,127.178,1.448,8.86,0.710326,1.6,0.4605
CHTR,Communication Services,96100,Stamford,CT,United States,Entertainment,0.38604,0.07776,0.44474,15562999808,0.095,0.19451,700.87,0.456,0.466,0.04203,371.386,0.14588,257.351,0.428,9.21,1.001613,1.05,0
CI,Healthcare,72226,Bloomfield,CT,United States,Healthcare Plans,0.05989,0.048800003,0.13976,5985999872,0.099,0.04874,205.36,-0.101,0.719,0.03243,69.178,0.17026,473.244,0.592,4.51,0.879912,0.78,0.0884
CINF,Financial Services,5266,Fairfield,OH,United States,Insurance—Property & Casualty,0.40347,0.31048,0.4057,1678000000,,0.39515,119.8177,,1.225,0.09426,8.125,0.31929,61.293,0.956,10.47,0.667573,1.55,0.1288
CL,Consumer Defensive,34200,New York,NY,United States,Household & Personal Products,0.26217,0.15917,0.60946,3548999936,0.06,0.22969,75.635,-0.036,1.005,0.15549,1181.448,5.65737,19.56,0.542,2.08,0.596739,3.38,0.5659
CLX,Consumer Defensive,9000,Oakland,CA,United States,Household & Personal Products,0.19384001,0.09672,0.43577,1276000000,-0.091,0.16591999,162.88,-0.677,0.89,0.12134,538.176,0.95866996,58.461,0.449,5.56,0.186681,20.57,0.7957
CMA,Financial Services,7532,Dallas,TX,United States,Banks—Regional,0,0.33787,0,187000000,0.524,0.44482,83.71,1.762,,0.01265,,0.13894,23.442,,2.41,1.607853,-0.87,0.35740003
CMCSA,Communication Services,168000,Philadelphia,PA,United States,Entertainment,0.29229,0.114379995,0.66806,25627000832,0.204,0.17011,53.14,0.231,0.923,0.042680003,106.909,0.13534,23.75,0.801,5.57,1.03604,1.06,0.35819998
CME,Financial Services,4370,Chicago,IL,United States,Financial Data & Stock Exchanges,0.63223,0.41746,1,2074200064,-0.002,0.53806,202.34,0.014,1.02,0.010460001,15.147,0.071669996,12.847,0.012,3.61,0.43286,5.92,0.65419996
CMG,Consumer Cyclical,97000,Newport Beach,CA,United States,Restaurants,0.104040004,0.06436,0.36338,787748992,0.234,0.06552,1795.07,0.648,1.747,0.04555,154.909,0.21566,225.549,1.644,3.13,1.352173,1.28,0
CMI,Industrials,57825,Columbus,IN,United States,Specialty Industrial Machinery,0.13295001,0.095240004,0.24509001,3320000000,0.586,0.103879996,233.22,1.204,1.807,0.07004,49.994,0.26437,157.49,1.068,2.82,1.053493,0.8,0.36029997
CMS,Utilities,8148,Jackson,MI,United States,Utilities—Regulated Electric,0.36041,0.12749,0.41474,1847000064,0.127,0.22584,59.47,0.278,0.746,0.03408,194.266,0.1472,24.607,0.294,2.23,0.177947,4.1,0.5561
CNC,Healthcare,71300,St. Louis,MO,United States,Healthcare Plans,0.05614,0.02276,0.17487,5785999872,0.164,0.04383,63.93,13.875,1.097,0.04334,69.068,0.09736,186.435,1.026,2.16,0.469021,1.13,0
CNP,Utilities,9541,Houston,TX,United States,Utilities—Regulated Electric,0.30471,0.11739001,0.39209,-262000000,0.106,0.16785999,25.485,2.312,1.537,0.024360001,182.187,0.10902,14.28,0.623,2.6,0.966666,3.92,0.4397
COF,Financial Services,52000,McLean,VA,United States,Credit Services,0,0.38679,0,13178000384,2.694,0.51721,166.74,,,0.02803,,0.19621,67.009,,1.38,1.772458,0.14,0.0398
COG,Energy,503,Houston,TX,United States,Oil & Gas E&P,0.47535,0.1674,0.61103,906371008,0.428,0.24125999,22.25,0,1.046,0.053829998,46.88,0.12229,4.088,0.959,5.53,0.142549,0.24,0.6029
COO,Healthcare,12000,San Ramon,CA,United States,Medical Instruments & Supplies,0.31499,0.8854,0.68152,671400000,0.371,0.20193,408.33,9.261,1.332,0.04325,32.667,0.48109,54.171,0.6,5.13,0.827529,3.37,0.0013
COP,Energy,10100,Houston,TX,United States,Oil & Gas E&P,0.35056,0.06245,0.43814,8871000064,2.431,0.09608,73.85,5.458,2.107,0.02398,45.194,0.048860002,24.7,1.863,2.43,1.777838,-6.62,1.5166
COST,Consumer Defensive,,Issaquah,WA,United States,Discount Stores,0.04255,0.02555,0.12885,,0.174,0.03424,451.72,0.201,1.002,0.073020004,56.051,0.27616,442.189,0.475,3.36,0.649563,3.98,0.2644
CPB,Consumer Defensive,14500,Camden,NJ,United States,Packaged Foods,0.19319999,0.09184,0.34152,1300000000,-0.113,0.15647,41.85,-0.065,0.943,0.06969,181.502,0.2891,28.773,0.399,6.35,0.579881,3.77,0.5434
CPRT,Industrials,7600,Dallas,TX,United States,Specialty Business Services,0.46563998,0.3426,0.49773,1029121984,0.334,0.42139,139.36,0.919,3.63,0.17476,16.315,0.30596,10.473,2.468,2.1,1.027173,1.62,0
CRM,Technology,59895,San Francisco,CA,United States,Software—Application,0.15553,0.19875,0.74322,6169999872,0.226,0.04246,275.47,3.545,1.334,0.01001,14.76,0.11517999,24.446,1.188,3.63,1.091304,5.79,0
CSCO,Technology,77500,San Jose,CA,United States,Communication Equipment,0.31235,0.20919001,0.63944,14752000000,0.068,0.27736,55.275,0.044,1.527,0.091400005,31.185,0.2692,11.562,1.357,2,0.894566,2.69,0.5992
CSX,Industrials,19000,Jacksonville,FL,United States,Railroads,0.55489,0.29931,0.55489,4478000128,0.326,0.4318,32.675,1.379,2.344,0.07712,125.063,0.2637,4.939,2.144,2.34,1.137008,1.39,0.2449
CTAS,Industrials,40000,Cincinnati,OH,United States,Specialty Business Services,0.2366,0.15717,0.46668,1310589056,0.086,0.19748,403.15,0.119,1.092,0.11281,84.129,0.33038,69.425,0.449,3.74,1.459259,3.31,0.5639
CTLT,Healthcare,17300,Somerset,NJ,United States,Drug Manufacturers—Specialty & Generic,0.23862,0.14632,0.33817002,433000000,0.254,0.16633,128.82,0.165,2.44,0.04922,78.007,0.15039,23.798,1.806,3.27,1.427401,2.41,0
CTSH,Technology,301200,Teaneck,NJ,United States,Information Technology Services,0.17762,0.096540004,0.37472,2544999936,0.146,0.14649999,75.62,0.454,2.027,0.09099,15.431,0.1516,32.7,1.769,2.43,1.116931,1.59,0.29209998
CTXS,Technology,9000,Fort Lauderdale,FL,United States,Software—Application,0.19617,0.11474,0.83626,589033024,0.016,0.148,95.88,-0.444,0.717,0.05198,1252.214,3.6449702,25.666,0.592,2.35,0.062772,1.89,0.49830002
CVS,Healthcare,213000,Woonsocket,RI,United States,Healthcare Plans,0.06362,0.025980001,0.17431,14179999744,0.11,0.04733,84.66,-0.071,0.954,0.035150003,108.277,0.10172,211.104,0.578,3.07,0.798412,1.76,0.36630002
CVX,Energy,47736,San Ramon,CA,United States,Oil & Gas Integrated,0.18845,0.03091,0.43954,16924999680,1.268,0.05757,107.175,,1.171,0.01791,32.124,0.02704,61.111,0.823,1.64,1.300218,-2.97,2.7861
D,Utilities,17300,Richmond,VA,United States,Utilities—Regulated Electric,0.44756,0.16607,0.51404,4330999808,-0.022,0.25541002,72.3,,0.593,0.022219999,147.95,0.07534,17.228,0.19,2.35,0.36572,3.07,0.9792
DAL,Industrials,74000,Atlanta,GA,United States,Airlines,-0.36321998,-0.36366,-0.26279,-1304000000,3.854,-0.45667,43.33,,0.834,-0.07083,2843.247,-1.33567,28.791,0.742,1.45,1.413125,0.49,0
DD,Basic Materials,34000,Wilmington,DE,United States,Specialty Chemicals,0.24994,0.27913,0.34698,3392999936,0.257,0.107889995,70.07,,2.663,0.025810001,40.209,0.03598,33.114,1.723,2.89,1.275655,1.25,0.6061
DE,Industrials,69634,Moline,IL,United States,Farm & Heavy Construction Machinery,0.20862,0.12825,0.28652,7740000256,0.289,0.18841,338,1.07,2.229,0.06322,307.316,0.38009998,135.545,1.98,1.53,1.069868,0.49,0.1925
DFS,Financial Services,17600,Riverwoods,IL,United States,Credit Services,0,0.44756,0.94816,5984999936,4.591,0.6005,126.33,,1.172,0.04325,146.914,0.42613998,35.493,1.161,4.55,1.831331,0.13,0.1125
DG,Consumer Defensive,158000,Goodlettsville,TN,United States,Discount Stores,0.12434,0.0796,0.32282,2842823936,-0.006,0.106809996,210.23,0.102,1.137,0.089829996,219.707,0.39858,137.625,0.133,2.6,0.505648,3.33,0.1379
DGX,Healthcare,50000,Secaucus,NJ,United States,Diagnostics & Research,0.2949,0.2032,0.41743,2593999872,0.396,0.25981,139.76,2.647,1.384,0.13892001,77.218,0.39078,84.091,1.17,8.46,1.033188,-1.58,0.1408
DHI,Consumer Cyclical,9716,Arlington,TX,United States,Residential Construction,0.17155,0.13161,0.24675,1661799936,0.433,0.16820998,83.54,0.946,5.294,0.13299,34.324,0.26598,66.467,0.676,2.69,1.644236,1.23,0.087
DHR,Healthcare,67000,Washington,DC,United States,Diagnostics & Research,0.33821,0.20999001,0.60325,7935000064,0.363,0.26235,300.77,0.928,2.255,0.05869,48.008,0.1398,37.496,1.688,2.66,0.707969,2.03,0.105399996
DIS,Communication Services,170000,Burbank,CA,United States,Entertainment,0.111379996,-0.07735,0.30647,4298999808,-0.134,0.02086,174.715,0.942,1.234,0.00374,56.601,-0.03924,32.201,1.067,2.27,1.196195,1.46,0
DISCA,Communication Services,9800,Silver Spring,MD,United States,Entertainment,0.35241002,0.09109,0.64165,2672999936,0.041,0.22309999,25.39,-0.62,1.867,0.04486,119.491,0.095,18.077,1.48,2.05,1.381521,1.3,0
DISCK,Communication Services,9800,Silver Spring,MD,United States,Entertainment,0.35241002,0.09109,0.64165,2672999936,0.041,0.22309999,24.5,-0.62,1.867,0.04486,119.491,0.095,18.077,1.48,2.13,1.381521,0.52,0
DISH,Communication Services,13500,Englewood,CO,United States,Entertainment,0.24038,0.14045,0.34747002,3852779008,0.408,0.19765,43.955,0.359,1.636,0.06107,112.366,0.19041,34.33,1.438,15.24,2.105291,-0.55,0
DLR,Real Estate,2878,Austin,TX,United States,REIT—Office,0.50845003,0.13045,0.61477,1844093056,0.162,0.18546,140.01,1.25,0.75,0.01433,84.992,0.0322,15.55,0.746,7.95,0.1381,2.64,2.6358
DLTR,Consumer Defensive,60217,Chesapeake,VA,United States,Discount Stores,0.11552,0.057150003,0.31113002,2313499904,0.031,0.088520005,99.1,0.538,1.359,0.06849,130.646,0.21084999,109.15,0.378,2.73,0.855298,2.19,0
DOV,Industrials,23000,Downers Grove,IL,United States,Specialty Industrial Machinery,0.2038,0.11842,0.37995997,1194395008,0.355,0.16503,157.61,1.116,1.609,0.081750005,82.898,0.25839,51.612,1.015,1.68,1.370087,1.6,0.32669997
DPZ,Consumer Cyclical,6900,Ann Arbor,MI,United States,Restaurants,0.19135,0.111829996,0.27772,676380992,0.122,0.18055001,481.4625,0.023,1.769,0.29653,,,112.402,0.953,4.31,0.47762,3.09,0.2774
DRE,Real Estate,350,Indianapolis,IN,United States,REIT—Industrial,0.58036,0.33688998,0.69988996,602028032,0.279,0.28555,50.41,3.074,1.158,0.021329999,68.701,0.07063,2.876,1.091,2.42,0.525543,8.2,1.0208
DRI,Consumer Cyclical,156883,Orlando,FL,United States,Restaurants,0.1363,0.08745,0.20753999,1194000000,0.795,0.09106,153.6,,1.012,0.03976,204.682,0.24586001,55.185,0.692,3.14,1.540075,0.69,0.3229
DTE,Utilities,10600,Detroit,MI,United States,Utilities—Regulated Electric,0.22976999,0.097720005,0.28948998,3932000000,0.25,0.14581001,112.02,-0.361,1.713,0.02651,184.52,0.108710006,70.176,1.379,2.78,0.633187,7.75,0.62299997
DUK,Utilities,27535,Charlotte,NC,United States,Utilities—Regulated Electric,0.47197,0.124960005,0.49823,9372000256,0.062,0.23905,99.905,,0.554,0.022030002,135.295,0.05649,31.797,0.216,2.56,0.280952,3.76,1.0131
DVA,Healthcare,67000,Denver,CO,United States,Medical Care Facilities,0.20633,0.07467,0.31417,1801560960,0.013,0.1498,112.605,0.63,1.667,0.05835,418.56,0.34467,103.399,1.522,3.7,1.274341,0.84,0
DVN,Energy,1400,Oklahoma City,OK,United States,Oil & Gas E&P,0.26556998,0.03481,0.48937,2534000128,2.943,0.059369996,39.44,,1.001,0.019270001,79.566,0.050640002,15.236,0.838,2.09,3.37227,0.41,2.0952
DXC,Technology,134000,Tysons,VA,United States,Information Technology Services,0.10704,0.01923,0.22156,-24000000,-0.08,0.01105,33.88,,1.018,0.00492,117.285,0.06487,68.27,0.883,3.88,2.46834,0.35,0
DXCM,Healthcare,5500,San Diego,CA,United States,Diagnostics & Research,0.19162,0.24452999,0.69151,409000000,0.317,0.15899,535.41,0.312,5.784,0.05373,94.814,0.31663,22.544,5.108,7.53,0.737037,13.32,0
EA,Communication Services,11000,Redwood City,CA,United States,Electronic Gaming & Multimedia,0.20573,0.11816,0.73414004,1412999936,0.063,0.16238001,139.57,-0.432,1.893,0.04835,28.468,0.08717,19.83,1.73,1.87,0.897379,0.84,0.2189
EBAY,Consumer Cyclical,12700,San Jose,CA,United States,Internet Retail,0.31062,1.12829,0.73903,2972000000,0.142,0.26027,74.39,13.922,3.962,0.071669996,71.827,0.28823,16.67,3.524,3.88,1.10262,1.64,0.20729999
ECL,Basic Materials,44000,Saint Paul,MN,United States,Specialty Chemicals,0.21711999,0.086619996,0.41717997,1899900032,0.178,0.14812,213.455,,1.905,0.061339997,105.687,0.16858,42.455,1.354,2.6,1.00753,2.78,0.5219
ED,Utilities,14071,New York,NY,United States,Utilities—Regulated Electric,0.35464,0.09024,0.57593,2075000064,0.137,0.20120001,74.705,0.089,0.699,0.02627,129.094,0.062090002,37.658,0.447,3.35,0.154891,9.07,0.90830004
EFX,Industrials,11000,Atlanta,GA,United States,Consulting Services,0.31207,0.15529001,0.59430003,1215299968,0.256,0.21636,259.64,1.122,0.709,0.068969995,110.947,0.23289,38.081,0.614,5.45,1.425764,2.72,0.2667
EIX,Utilities,13351,Rosemead,CA,United States,Utilities—Regulated Electric,0.34655,0.0579,0.52252,-736000000,0.11,0.21184999,56.13,-0.013,0.63,0.026970001,156.957,0.04828,37.14,0.289,2.99,0.620634,3.19,1.2324
EL,Consumer Defensive,44640,New York,NY,United States,Household & Personal Products,0.22799999,0.177,0.76417,3631000064,0.62,0.18785,311.83,,1.844,0.09578,116.566,0.52704,44.682,1.26,1.92,0.938318,2.47,0.26569998
EMN,Basic Materials,14500,Kingsport,TN,United States,Chemicals,0.19466,0.03426,0.24738,1490000000,0.379,0.13372,104.965,,2.064,0.048839998,95.09,0.054759998,69.049,1.024,1.83,1.524017,0.91,1.1667
EMR,Industrials,83500,Saint Louis,MO,United States,Specialty Industrial Machinery,0.222,0.13201,0.41849998,3948999936,0.2,0.17643999,95.1,0.556,1.314,0.08517,83.842,0.27682,29.828,0.917,2.74,1.536026,2.01,0.5153
ENPH,Technology,850,Fremont,CA,United States,Solar,0.25682,0.11113,0.44594002,252952992,0.468,0.23685,163.134,-0.566,5.2,0.07993,139.307,0.18447,6.828,5.064,1.53,1.24214,1.98,0
EOG,Energy,2900,Houston,TX,United States,Oil & Gas E&P,0.46631,0.13615,0.61654,5763783168,2.713,0.19063,90.36,,1.733,0.045619998,25.755,0.091079995,23.823,1.476,1.41,2.176976,0.15,0.47599998
EQIX,Real Estate,10484,Redwood City,CA,United States,REIT—Specialty,0.42201,0.054330003,0.48035,2208665088,0.128,0.17503999,751.12,-0.5,1.87,0.02475,142.492,0.03255,70.63,1.501,2.83,0.30131,3.85,2.9259
EQR,Real Estate,2600,Chicago,IL,United States,REIT—Residential,0.59676,0.29532,0.61823004,1206574976,-0.085,0.26657,82.41,0.204,0.413,0.01967,77.287,0.0671,6.528,0.075,3.62,0.793797,9.33,1.3192999
ES,Utilities,9299,Springfield,MA,United States,Utilities—Regulated Electric,0.33355,0.1311,0.49596,1484642048,0.087,0.22333,84.82,0.031,0.64,0.029790001,132.52,0.08839,27.736,0.319,3.19,0.324781,3.62,0.48830003
ESS,Real Estate,1763,San Mateo,CA,United States,REIT—Residential,0.64443,0.26903,0.6835,805068992,-0.048,0.29860002,325.24,-0.227,1.032,0.02155,100.499,0.06801,22.998,0.259,2.88,0.750403,7.52,1.3444
ETN,Industrials,85000,Dublin,,Ireland,Specialty Industrial Machinery,0.17081,0.09859,0.32228002,2760999936,0.352,0.12630999,153.16,8.892,1.099,0.044949997,81.146,0.1272,47.908,0.454,2.21,1.146853,1.39,0.6354
ETR,Utilities,12500,New Orleans,LA,United States,Utilities—Regulated Electric,0.35055,0.113129996,0.4316,1988105984,0.17,0.17695,102.3,,0.997,0.02214,227.632,0.11343,54.583,0.559,2.52,0.557314,4.93,0.6156
ETSY,Consumer Cyclical,1598,Brooklyn,NY,United States,Internet Retail,0.25689,0.2245,0.73802,699022976,0.234,0.24655001,205.8283,-0.083,6.612,0.13104999,437.678,0.91441,17.14,6.155,3.22,1.60917,1.34,0
EVRG,Utilities,5133,Kansas City,MO,United States,Utilities—Regulated Electric,0.40547,0.14512,0.47541,1455900032,0.043,0.23448,61.27,0.376,0.64,0.02949,122.636,0.09191,23.969,0.19,1.94,0.379366,3.61,0.6063
EW,Healthcare,14900,Irvine,CA,United States,Medical Devices,0.33942002,0.29692,0.75534,1442499968,0.488,0.31375,108.7,,3.75,0.13713,13.329,0.32598,7.909,2.552,2.57,1.074233,3.31,0
EXC,Utilities,32340,Chicago,IL,United States,Utilities—Diversified,0.25195,0.03195,0.27207002,1894000000,0.131,0.104940005,47.65,,0.957,0.0176,122.54,0.03813,35.005,0.558,2.93,0.436887,-38.34,1.3784
EXPD,Industrials,18055,Seattle,WA,United States,Integrated Freight & Logistics,0.105790004,0.0744,0.12472,845756032,0.765,0.100839995,115.2,1.352,2.047,0.1627,15.473,0.35127,68.697,1.832,2.29,0.785326,5.38,0.2068
EXPE,Consumer Cyclical,19100,Seattle,WA,United States,Travel Services,-0.29131,-0.44594002,0.67847,-880000000,-0.436,-0.35741,169.07,,1.007,-0.04476,239.973,-0.51322,29.726,0.651,7.14,1.770652,-20.38,0
EXR,Real Estate,4013,Salt Lake City,UT,United States,REIT—Industrial,0.66661,0.43714002,0.75384,842846976,0.183,0.51008,171.63,0.573,1.544,0.052010003,168.965,0.2241,11.168,0.364,3.06,0.215065,6.14,0.78029996
F,Consumer Cyclical,182000,Dearborn,MI,United States,Auto Manufacturers,0.0775,0.02507,0.102690004,20874999808,0.381,0.03334,15.105,-0.5,1.213,0.010980001,426.133,0.10402001,34.267,1.008,1.26,1.142549,0.11,0
FANG,Energy,732,Midland,TX,United States,Oil & Gas E&P,0.40252,-1.36951,0.78054,1892999936,0.313,0.00272,111.195,,0.456,0.00022,65.705,-0.31184,18.433,0.403,1.07,2.745108,0.14,
FAST,Industrials,18253,Winona,MN,United States,Industrial Distribution,0.23149,0.15237,0.45708,1056300032,-0.001,0.20211,52.54,0.001,4.161,0.17438999,23.167,0.30647,9.919,1.893,5.39,1.259279,5.69,0.70669997
FB,Communication Services,63404,Menlo Park,CA,United States,Internet Content & Information,0.49698,0.37175998,0.80977,49358000128,0.556,0.42523,327.95,1.006,5.425,0.17950001,9.089,0.31332,36.82,5.095,2.07,1.295305,0.93,0
FBHS,Consumer Cyclical,27500,Deerfield,IL,United States,"Furnishings, Fixtures & Appliances",0.17441,0.10304,0.36359,827900032,0.407,0.14861,93.93,0.867,1.868,0.09295,90.905,0.2631,50.623,0.956,3.07,1.63155,1.96,0.19459999
FCX,Basic Materials,24500,Phoenix,AZ,United States,Copper,0.41464,0.14981,0.42668,6033999872,0.882,0.31224,35.563,23.333,2.28,0.08631,46.31,0.18766001,12.984,1.467,1.41,2.079148,0.68,0.039100002
FDX,Industrials,384000,Memphis,TN,United States,Integrated Freight & Logistics,0.13994001,0.0623,0.28264,10135000064,0.3,0.09476,220.61,,1.507,0.06362,150.869,0.24638,318.027,1.402,1.96,1.237224,1.08,0.1337
FE,Utilities,12153,Akron,OH,United States,Utilities—Regulated Electric,0.35448003,0.12613,0.72533995,2516000000,0.006,0.22543,35.69,3.51,0.689,0.034730002,328.709,0.18541001,19.583,0.553,6.24,0.22826,-8.54,0.6446
FFIV,Technology,6108,Seattle,WA,United States,Software—Infrastructure,0.20933,0.11283,0.81555,600916992,0.106,0.16519,204.51,-0.3,1.006,0.05687,37.232,0.13902001,40.418,0.889,5.4,1.05163,1.5,0
FIS,Technology,62000,Jacksonville,FL,United States,Information Technology Services,0.34824002,0.00689,0.35914,4693000192,0.173,0.14039999,117.525,17.333,0.821,0.01406,39.97,0.00196,21.293,0.448,1.28,0.816593,1.12,10.5714
FISV,Technology,44000,Brookfield,WI,United States,Information Technology Services,0.35587,0.07372,0.51498,4240999936,0.169,0.15223,105.85,135.193,1.028,0.019199999,63.559,0.03605,23.086,0.203,2.88,0.886462,1.1,0
FITB,Financial Services,19402,Cincinnati,OH,United States,Banks—Regional,0,0.3193,0,-1458000000,0.5,0.41557997,43.68,3.147,,0.012669999,,0.11431,11.356,,2.53,1.48783,-3.6,0.3149
FLS,Industrials,16000,Irving,TX,United States,Specialty Industrial Machinery,0.13584,0.03204,0.31552,299412000,-0.041,0.10813,35.06,0.199,2.26,0.05214,87.298,0.0757,28.331,1.535,2.64,1.782916,1.62,0.8791
FLT,Technology,8400,Atlanta,GA,United States,Information Technology Services,0.54083,0.31435,0.80630994,1026862976,0.271,0.45281,257.4,0.257,1.055,0.059310004,147.32,0.24139999,29.699,0.821,2.87,1.44596,1.35,0
FMC,Basic Materials,6400,Philadelphia,PA,United States,Agricultural Inputs,0.2577,0.11689,0.43043,669699968,0.075,0.22163,88.955,0.107,1.353,0.06186,127.421,0.19332,36.082,0.874,1.92,0.95291,1.71,0.4225
FRC,Financial Services,6065,San Francisco,CA,United States,Banks—Regional,0,0.29593,0,-128965000,0.368,0.38914,203.41,0.393,,0.00894,,0.10873,25.163,,3.99,1.114082,1.66,0.118
FRT,Real Estate,307,North Bethesda,MD,United States,REIT—Retail,0.59985,0.18422002,0.66306,435756000,0.345,0.30491,121.65,4.18,1.963,0.02152,154.978,0.06073,11.429,1.305,6.12,1.170521,9.28,2.1523
FTNT,Technology,9043,Sunnyvale,CA,United States,Software—Infrastructure,0.2166,0.17688,0.77677,1251399936,0.297,0.19268,307.3765,0.188,1.956,0.07886,99.962,0.64588,17.883,1.852,2.24,1.116266,4.88,0
FTV,Technology,17000,Everett,WA,United States,Scientific & Technical Instruments,0.23772,0.34215,0.57060003,1190700032,0.267,0.16291,70.95,0.426,1.201,0.03305,30.037,0.19634001,14.966,0.928,3.26,1.215065,2.7,0.061300002
GD,Industrials,100000,Reston,VA,United States,Aerospace & Defense,0.13262999,0.08217,0.16499001,4470000128,0.073,0.10979,203.8288,0.021,1.347,0.05105,94.459,0.22207001,134.935,0.857,2.19,1.125136,2.11,0.3982
GE,Industrials,174000,Boston,MA,United States,Specialty Industrial Machinery,0.08613,-0.03102,0.17969999,3551000064,0.088,0.01129,104.43,,1.808,0.00225,189.959,0.00228,71.831,0.854,1.29,1.047089,0.19,
GILD,Healthcare,13600,Foster City,CA,United States,Drug Manufacturers—General,0.53476,0.19378,0.83448,9091999744,0.209,0.46817002,68.04,,1.363,0.1258,153.095,0.27137,21.209,1.076,3.74,0.413209,7.81,0.67800003
GIS,Consumer Defensive,35000,Minneapolis,MN,United States,Packaged Foods,0.22647,0.12908,0.35586,2983200000,-0.099,0.1933,61.54,-0.334,0.696,0.069910005,125.325,0.24346,29.518,0.441,5.91,0.560391,3.36,0.5344
GL,Financial Services,3261,McKinney,TX,United States,Insurance—Life,0.21209998,0.15546,0.27041,,0.076,0.20857,94.15,0.185,,,24.81,,47.558,,1.58,1.132752,1.74,0.105299994
GLW,Technology,50110,Corning,NY,United States,Electronic Components,0.27713,0.13141,0.37004003,2876000000,0.367,0.1617,37.1703,,1.654,0.04631,66.628,0.14229,16.773,0.947,3.29,1.135371,0.77,0.84400004
GM,Consumer Cyclical,155000,Detroit,MI,United States,Auto Manufacturers,0.14484,0.0913,0.15326999,26352001024,1.036,0.1076,58.16,,1.104,0.03918,193.287,0.24875,96.871,0.825,1.5,1.328671,0.59,0
GOOG,Communication Services,144056,Mountain View,CA,United States,Internet Content & Information,0.34300998,0.2857,0.55723,80858996736,0.616,0.28448,2798.02,1.691,3.152,0.12759,11.829,0.2829,326.656,3.027,2.25,0.998924,1.17,0
GOOGL,Communication Services,144056,Mountain View,CA,United States,Internet Content & Information,0.34300998,0.2857,0.55723,80858996736,0.616,0.28448,2794.53,1.691,3.152,0.12759,11.829,0.2829,326.656,3.027,2.03,0.998924,1.16,0
GPC,Consumer Cyclical,50000,Atlanta,GA,United States,Specialty Retail,0.08151,0.00308,0.34344003,2246443008,0.091,0.06507,126.58,0.6,1.212,0.04844,102.134,0.076570004,117.172,0.462,1.95,1.128804,4.16,1.7793
GPN,Industrials,24000,Atlanta,GA,United States,Specialty Business Services,0.39841998,0.10832,0.54284,2463502080,0.278,0.19009,154.445,6.417,1.119,0.021259999,40.244,0.032309998,26.815,0.611,1.94,1.161572,0.97,0.269
GPS,Consumer Cyclical,117000,San Francisco,CA,United States,Apparel Retail,0.08116999,0.04531,0.48833,1116000000,0.286,0.05138,22.25,,1.697,0.03885,243.609,0.28561002,44.202,0.743,2.09,1.612991,2.37,0.1831
GRMN,Technology,16000,Schaffhausen,,Switzerland,Scientific & Technical Instruments,0.29899,0.24363,0.59289,1308198016,0.525,0.26939,154.23,0.708,2.662,0.120129995,1.331,0.22934,25.359,1.863,3.59,1.007641,4.27,0.4065
GS,Financial Services,40800,New York,NY,United States,Capital Markets,0,0.36582002,0.89303,66233999360,0.323,0.46367002,388.25,27.339,1.657,0.01597,549.779,0.20758,155.595,1.557,1.9,1.497883,0.37,0.091400005
GWW,Industrials,21800,Lake Forest,IL,United States,Industrial Distribution,0.136,0.071100004,0.35249,1210000000,0.13,0.12139,417.1048,1.033,2.553,0.13611001,110.929,0.43745998,232.008,1.373,3.2,1.21834,1.48,0.3812
HAL,Energy,40000,Houston,TX,United States,Oil & Gas Equipment & Services,0.116009995,0.01085,0.08287,1670000000,0.16,0.04809,24.695,,2.29,0.019129999,194.769,0.02918,15.073,1.411,1.96,2.864628,0.35,1
HAS,Consumer Cyclical,6822,Pawtucket,RI,United States,Leisure,0.19900998,0.070650004,0.5232,1295239936,0.537,0.15403,89.1,,1.768,0.05624,163.652,0.15117,43.156,1.109,5.47,0.987089,1.17,0.8918
HBAN,Financial Services,17018,Columbus,OH,United States,Banks—Regional,0,0.24201,0,1600999936,0.256,0.36643,15.865,,,0.00774,,0.06917,4.495,,1.95,1.319576,-6.21,0.64519995
HBI,Consumer Cyclical,61000,Winston-Salem,NC,United States,Apparel Manufacturing,0.14628,-0.050640002,0.40041,678518016,0.135,0.12816,16.335,-0.205,1.605,0.074710004,731.677,0.071890004,20.456,0.722,4.92,1.519104,0.75,3.3332999
HCA,Healthcare,195000,Nashville,TN,United States,Medical Care Facilities,0.21628,0.08866999,0.38814,3372999936,0.304,0.16691999,239.12,0.38,1.448,0.12064999,1919.944,4.84902,166.797,1.03,2.48,1.663259,1.09,0.065799996
HD,Consumer Cyclical,500000,Atlanta,GA,United States,Home Improvement Retail,0.17375,0.10554,0.33718,13957000192,0.081,0.15498,340.68,0.127,1.06,0.20858999,2046.786,18.418129,135.03,0.296,3.38,1.024563,2.12,0.4433
HES,Energy,1621,New York,NY,United States,Oil & Gas E&P,0.51773,-0.027709998,0.77814,1998000000,0.879,0.15972,88.97,,1.571,0.02996,136.926,0.02,18.993,1.358,3.2,2.218886,-1.52,
HFC,Energy,3891,Dallas,TX,United States,Oil & Gas Refining & Marketing,0.058229998,0.01427,0.091309994,638710016,1.219,0.0336,34.62,,2.059,0.02454,59.191,0.05126,85.041,1.19,3.6,1.76965,-4.8,0.89739996
HIG,Financial Services,18500,Hartford,CT,United States,Insurance—Diversified,0.16409001,0.100710005,0.34907,4200999936,0.102,0.13411,72.98,0.946,2.04,0.02456,24.156,0.121759996,59.773,1.109,2.02,1.106508,1.23,0.2288
HII,Industrials,41000,Newport News,VA,United States,Aerospace & Defense,0.121920004,0.07808,0.17192,963000000,0.101,0.09509,210.62,1.462,1.091,0.06958,89.937,0.39946997,236.836,0.996,3.26,1.000545,21.69,0.2409
HLT,Consumer Cyclical,141000,McLean,VA,United States,Lodging,0.13635999,-0.64792,0.62172,408000000,-0.461,-0.08783,142.6,,1.401,-0.00449,,,4.682,1.292,4.47,1.297282,0.2,0
HOLX,Healthcare,5814,Marlborough,MA,United States,Medical Instruments & Supplies,0.54263,0.35983002,0.73581004,2307000064,0.42,0.47492,70.65,0.962,1.651,0.21837999,81.564,0.66317004,21.922,1.209,3.64,1.171397,2.52,0
HON,Industrials,103000,Charlotte,NC,United States,Specialty Industrial Machinery,0.24559,0.14647001,0.32062,6045000192,0.178,0.21219999,216.82,0.333,1.414,0.07062,122.78,0.27637,48.607,1.071,3.63,1.180131,2.24,0.5241
HPE,Technology,59400,Houston,TX,United States,Communication Equipment,0.17259,0.0373,0.33154,3662000128,0.012,0.07823,14.935,40.637,0.954,0.023570001,95.033,0.06196,21.187,0.632,3.95,1.235978,0.59,0.6154
HPQ,Technology,53000,Palo Alto,CA,United States,Computer Hardware,0.09839,0.0656,0.20672001,5434999808,0.07,0.085810006,27.6,0.776,0.745,0.095419995,,,49.145,0.302,4.54,1.015599,0.48,0.2353
HRL,Consumer Defensive,20000,Austin,MN,United States,Packaged Foods,0.13108,0.08322,0.18562001,687724032,0.202,0.109969996,41.94,-0.135,2.149,0.06488,48.942,0.13194,19.156,0.977,6.29,-0.079148,3.29,0.6123
HSIC,Healthcare,20000,Melville,NY,United States,Medical Distribution,0.074260004,0.04141,0.27877,583766016,0.204,0.056560002,79.795,0.277,1.682,0.049050003,22.524,0.110360004,74.578,0.689,3.5,0.860869,1.11,0
HST,Real Estate,163,Bethesda,MD,United States,REIT—Hotel & Motel,-0.42887002,-0.93524003,-0.33546,-513000000,-0.614,-1.13588,16.415,,26.789,-0.05111,98.008,-0.13271,1.336,26.763,6.52,1.430978,-1.35,0
HSY,Consumer Defensive,15200,Hershey,PA,United States,Confectioners,0.27139,0.16520001,0.46300998,2103261952,0.165,0.23615,178.09,0.124,1.398,0.14416,198.213,0.71300006,41.832,0.604,3.45,0.360262,2.93,0.4674
HUM,Healthcare,43000,Louisville,KY,United States,Healthcare Plans,0.06874,0.04718,0.19766001,4328000000,0.092,0.06509,416.295,0.795,1.668,0.089090005,53.622,0.28043,600.374,1.263,1.56,0.885745,1.44,0.0915
HWM,Industrials,19700,Pittsburgh,PA,United States,Specialty Industrial Machinery,0.20728001,0.02607,0.26934,211000000,-0.26,0.14998001,31.62,-0.634,1.981,0.03079,132.277,0.03263,11.119,0.996,3.84,1.732598,1.02,0
IBM,Technology,345900,Armonk,NY,United States,Information Technology Services,0.21494,0.07169,0.48683,17684000768,0.034,0.12443,142.84,-0.032,0.84,0.03845,270.943,0.24530001,83.3,0.664,7.92,1.212336,0.8,1.122
ICE,Financial Services,9088,Atlanta,GA,United States,Financial Data & Stock Exchanges,0.60355,0.42727003,1,3110000128,0.224,0.48922002,127.955,1.337,1.019,0.01559,69.512,0.14754,11.792,0.027,3.47,0.734716,2.79,0.252
IDXX,Healthcare,9300,Westbrook,ME,United States,Diagnostics & Research,0.31625,0.23891,0.58827,770427008,0.296,0.28354,617.345,0.36,1.536,0.24693,135.34,1.4255201,35.668,1.012,3.26,0.925218,4.76,0
IEX,Industrials,7075,Northbrook,IL,United States,Specialty Industrial Machinery,0.27275,0.16568,0.44337,560656000,0.222,0.23768,209.8,0.441,3.317,0.085,44.517,0.17016001,33.351,2.378,3.18,,2.95,0.39290002
IFF,Basic Materials,13700,New York,NY,United States,Specialty Chemicals,0.21714,0.01708,0.3805,1204098048,1.576,0.12713,139.53,-0.851,1.951,0.02388,58.301,0.01017,47.278,1.006,5.53,0.973253,3.24,2.4444
ILMN,Healthcare,7800,San Diego,CA,United States,Diagnostics & Research,0.21538,0.1814,0.68385005,1080999936,0.272,0.16038,408.47,-0.145,4.45,0.043470003,58.452,0.13184,23.666,4.059,2.27,0.971318,3.4,0
INCY,Healthcare,1773,Wilmington,DE,United States,Biotechnology,0.17834,0.124110006,0.38244998,,0.026,0.15772,65.28,-0.492,3.964,0.07537,1.166,0.12788,12.396,3.729,4.63,0.797062,1.21,0
INFO,Industrials,16000,London,,United Kingdom,Consulting Services,0.38055,0.13885,0.63699,1357600000,0.151,0.24689,118.95,1.215,1.043,0.04227,59.597,0.07298,11.27,0.52,8.96,0.977074,3.48,0.47439998
INTC,Technology,113700,Santa Clara,CA,United States,Semiconductors,0.44643003,0.23906,0.55594003,32362999808,-0.005,0.29331,53.78,0.042,1.988,0.092650004,41.556,0.22193001,18.942,1.301,3.22,0.592248,1.12,0.30110002
INTU,Technology,10600,Mountain View,CA,United States,Software—Application,0.32201,0.23931,0.83123,2995000064,0.39,0.29275,529.715,0.29,1.964,0.13826999,24.832,0.28948998,33.288,1.723,2.05,1.004352,3.46,0.2919
IP,Consumer Cyclical,48000,Memphis,TN,United States,Packaging & Containers,0.14568,0.053319998,0.299,2801999872,0.154,0.08758,55.8,0.627,1.416,0.03652,90.891,0.14792,54.358,0.495,4.69,1.048034,0.48,0.7168
IPG,Communication Services,52800,New York,NY,United States,Advertising Agencies,0.198,0.087510005,0.24523,2429799936,0.225,0.16473,37.175,,0.998,0.05456,160.675,0.25925,21.812,0.941,5.15,1.055131,0.93,0.5556
IPGP,Technology,6060,Oxford,MA,United States,Semiconductor Equipment & Materials,0.27156,0.1329,0.44889,285335008,0.098,0.19281,158.52,,10.011,0.051069997,2.421,0.06418,22.576,7.757,4.93,1.395477,0.8,0
IQV,Healthcare,74000,Danbury,CT,United States,Diagnostics & Research,0.1723,0.04694,0.33585998,2729999872,0.364,0.09017,241.81,,1.052,0.03093,220.035,0.108509995,67.542,0.883,2.55,1.451033,1.55,0
IR,Industrials,15900,Davidson,NC,United States,Specialty Industrial Machinery,0.19593,0.05718,0.36400002,862800000,0.247,0.10258,50.64,,3.134,0.02303,41.772,0.043270003,13.55,2.526,1.86,1.516565,1.64,0
IRM,Real Estate,24000,Boston,MA,United States,REIT—Specialty,0.33963,0.07795,0.58307,931070976,0.012,0.19305,42.72,-0.282,0.609,0.03649,1100.809,0.29433,14.426,0.495,14.52,0.823721,5.14,2.1894
ISRG,Healthcare,8081,Sunnyvale,CA,United States,Medical Instruments & Supplies,0.32105,0.25783002,0.66482,1609600000,0.175,0.25981,325.795,0.34,6.706,0.068959996,,0.12668,38.757,5.849,2.69,0.997793,5.02,0
IT,Technology,15600,Stamford,CT,United States,Information Technology Services,0.21911,0.13061,0.68793,1237005952,0.2,0.17578,301.51,4.131,0.776,0.068730004,639.587,0.75308,49.648,0.66,3.19,1.605895,2.44,0
ITW,Industrials,43000,Glenview,IL,United States,Specialty Industrial Machinery,0.26881,0.17176001,0.41482,2801999872,0.098,0.236,215.67,0.192,2.501,0.12755,242.643,0.7964,40.73,1.92,4.34,1.102285,1.82,0.64419997
IVZ,Financial Services,8483,Atlanta,GA,United States,Asset Management,0.27447,0.19600001,0.31351,1450200064,0.213,0.24240999,24.955,7.975,6.796,0.02865,13.197,0.09961,14.099,1.071,2.25,1.284004,0.37,0.28350002
J,Industrials,52000,Dallas,TX,United States,Engineering & Construction,0.08442,0.03678,0.20557,955945984,0.097,0.06883,134.92,-0.558,1.462,0.043369997,60.455,0.06781,107.727,1.42,3.14,0.860807,1.51,0.241
JBHT,Industrials,30309,Lowell,AR,United States,Integrated Freight & Logistics,0.12819,0.05572,0.16385001,1151656960,0.356,0.07753,169.595,0.412,1.799,0.08761,52.028,0.23055,101.65,1.518,2.9,1.01965,1.33,0.2
JCI,Industrials,97000,Cork,,Ireland,Engineering & Construction,0.17624001,0.077870004,0.33762002,2940999936,0.187,0.14038,69.125,,1.11,0.04887,48.286,0.1014,32.156,0.767,2.15,1.118995,1.41,0.4589
JKHY,Technology,6714,Monett,MO,United States,Information Technology Services,0.25671,0.17715,0.39519,462128992,0.097,0.22677,165.57,0.297,1.044,0.1046,12.205,0.21712999,23.274,0.788,5.47,0.620105,3.98,0.432
JNJ,Healthcare,136000,New Brunswick,NJ,United States,Drug Manufacturers—General,0.34375,0.1992,0.67120004,26114000896,0.271,0.25976,160.42,0.728,1.389,0.086490005,48.121,0.26806,33.885,1.038,3.14,0.704694,2.04,0.615
JNPR,Technology,9898,Sunnyvale,CA,United States,Communication Equipment,0.14719,0.044949997,0.57999,679200000,0.079,0.09908,28.77,0.056,1.565,0.03267,42.735,0.04704,14.062,1.242,5.93,0.830786,1.79,1.2903
JPM,Financial Services,260110,New York,NY,United States,Banks—Diversified,0,0.37177,0,-73082003456,0.45,0.46907002,167.829,1.739,,0.01387,,0.17365,41.948,,2.1,1.187227,1.39,0.2402
K,Consumer Defensive,31000,Battle Creek,MI,United States,Packaged Foods,0.17013,0.091230005,0.34162998,1830000000,0.05,0.13614,62.79,0.059,0.676,0.065349996,227.962,0.37425,40.647,0.382,10.52,0.655059,4.72,0.6179
KEY,Financial Services,17122,Cleveland,OH,United States,Banks—Regional,0,0.32961,0,1816000000,0.62,0.41603002,22.875,3.475,,0.01329,,0.13194999,7.425,,2,1.537663,0.73,0.32029998
KEYS,Technology,14000,Santa Rosa,CA,United States,Scientific & Technical Instruments,0.27288,0.16213,0.60578,1218000000,0.364,0.1997,162.04,1.676,2.887,0.08006,57.32,0.22655001,24.97,2.072,6.47,0.930607,2.13,0
KHC,Consumer Defensive,38000,Pittsburgh,PA,United States,Packaged Foods,0.26333,0.082040004,0.35462,4742000128,-0.005,0.22816,36.945,,1.152,0.03853,50.477,0.0438,21.568,0.602,5.37,1.133187,-4.77,0.90910006
KIM,Real Estate,484,Jericho,NY,United States,REIT—Retail,0.57155,0.37932998,0.67689,646137024,0.21,0.32827,21.775,-0.851,80.168,0.01953,91.741,0.074039996,2.557,80.168,4.57,1.50582,6.49,0.71230006
KLAC,Technology,11300,Milpitas,CA,United States,Semiconductor Equipment & Materials,0.40702,0.30039,0.59932,2185026048,0.319,0.35941002,327.9562,0.558,2.708,0.15898,105.041,0.68597,44.902,1.85,2.03,1.217859,1.16,0.2693
KMB,Consumer Defensive,46000,Dallas,TX,United States,Household & Personal Products,0.21665001,0.12059,0.36336,3345999872,-0.053,0.18072,132.6309,-0.104,0.768,0.12958999,1186.327,5.84596,55.528,0.376,3.51,0.524456,11.09,0.6522
KMI,Energy,10524,Houston,TX,United States,Oil & Gas Midstream,0.46750998,0.13284999,0.54654,5529999872,0.678,0.31583,17.7181,,0.809,0.03765,99.844,0.05612,6.1,0.628,1.74,1.123913,1.8,1.2963
KMX,Consumer Cyclical,27000,Richmond,VA,United States,Auto & Truck Dealerships,0.07566,0.04794,0.1506,-693681984,1.281,0.06565,129.845,86.667,2.241,0.047140002,346.2,0.28465,150.572,0.378,4.15,1.652883,0.9,0
KO,Consumer Defensive,80300,Atlanta,GA,United States,Beverages—Non-Alcoholic,0.35703,0.22188,0.60615003,12583000064,0.417,0.31481,54.1452,0.488,1.469,0.0775,173.391,0.37257,8.46,1.117,2.32,0.62937,2.48,0.88769996
KR,Consumer Defensive,500000,Cincinnati,OH,United States,Grocery Stores,0.04162,0.011440001,0.23475,4825999872,-0.006,0.02007,39.425,-0.882,0.825,0.034649998,229.201,0.16371,172.646,0.279,7.79,0.354891,1.3,0.36270002
KSU,Industrials,6522,Kansas City,MO,United States,Railroads,0.52900004,0.046290003,0.53559,1061800000,0.368,0.39995998,283.28,,0.653,0.06789,92.989,0.02977,30.636,0.503,3.46,1.089227,2.02,1.4545
L,Financial Services,12200,New York,NY,United States,Insurance—Property & Casualty,0.22628,0.10505,0.4019,1848000000,0.733,0.17643,56.99,,0.488,0.02034,46.974,0.08913,54.54,0.488,2.29,0.930607,,0.0442
LDOS,Technology,39000,Reston,VA,United States,Information Technology Services,0.10998,0.055370003,0.14513,796000000,0.183,0.08682,97.98,0.113,1.05,0.057140004,139.778,0.19103001,93.689,0.839,3.83,0.8881,1.58,0.2656
LEG,Consumer Cyclical,20000,Carthage,MO,United States,"Furnishings, Fixtures & Appliances",0.14347,0.066350006,0.21032,581600000,0.101,0.101739995,45.562,0.965,1.797,0.05637,148.462,0.21605,32.283,0.941,7.27,1.503808,3.27,0.7512
LEN,Consumer Cyclical,9495,Miami,FL,United States,Residential Construction,0.18338,0.13831,0.2542,3598136064,0.216,0.17951,93.98,0.61,12.664,0.09064,35.479,0.18791,79.135,1.996,3.36,1.493471,0.74,0.081099994
LH,Healthcare,70000,Burlington,NC,United States,Diagnostics & Research,0.28972,0.17256,0.38393003,3089100032,0.474,0.25626,273.9716,,1.674,0.13008,63.335,0.30958,157.251,1.423,2.24,1.045652,-1.33,0
LHX,Industrials,47000,Melbourne,FL,United States,Aerospace & Defense,0.19899,0.081709996,0.29856002,2836000000,0.05,0.14522,235.02,0.546,1.7,0.04508,38.782,0.07085,88.154,1.327,2.69,0.887554,1.69,0.5223
LIN,Basic Materials,71736,Guildford,,United Kingdom,Specialty Chemicals,0.33231997,0.11366,0.44155997,8254000128,0.189,0.1701,295.71,0.841,0.712,0.036170002,32.803,0.072,55.373,0.521,2.98,0.80131,2.04,0.6494
LKQ,Consumer Cyclical,44000,Chicago,IL,United States,Auto Parts,0.12467,0.06435,0.39666,1771819008,0.057,0.09968001,52.46,0.851,1.828,0.05876,70.239,0.13951,38.832,0.756,2.13,1.667934,0.42,0
LLY,Healthcare,34690,Indianapolis,IN,United States,Drug Manufacturers—General,0.33328998,0.23906,0.75881,7814600192,0.161,0.27833,235.72,-0.069,1.417,0.10083,229.541,1.18341,28.075,0.828,2.51,0.242391,2.23,0.4596
LMT,Industrials,114000,Bethesda,MD,United States,Aerospace & Defense,0.15308,0.10689,0.13096,6703000064,0.05,0.13533,358.185,0.126,1.356,0.11113,186.386,1.39531,239.648,1.101,1.99,0.971615,3.56,0.3967
LNC,Financial Services,10966,Radnor,PA,United States,Insurance—Life,0.105909996,0.07456,0.26272,-668000000,0.379,0.10295,73.15,,2.039,0.00338,34.362,0.066300005,98.363,0.4,2.87,2.210328,0.16,0.2234
LNT,Utilities,3375,Madison,WI,United States,Utilities—Regulated Electric,0.39959,0.18083,0.43780997,486000000,-0.016,0.21347,54.715,-0.022,0.536,0.02632,119.259,0.10541,13.615,0.241,3.19,0.338955,4.15,0.6296
LOW,Consumer Cyclical,300000,Mooresville,NC,United States,Home Improvement Retail,0.14958,0.07409,0.32985002,6209999872,0.01,0.13104999,210.36,0.136,1.158,0.1532,,3.3532598,130.231,0.306,2.71,1.329694,1.03,0.2678
LRCX,Technology,14100,Fremont,CA,United States,Semiconductor Equipment & Materials,0.32744,0.26722,0.46528,3588163072,0.485,0.30644,556.71,0.689,3.303,0.18398,85.701,0.69795996,101.847,2.482,1.84,1.26455,1.12,0.1933
LUMN,Communication Services,37000,Monroe,LA,United States,Telecom Services,0.42099,-0.046529997,0.56938,6640000000,-0.052,0.19412,12.275,0.317,0.575,0.0399,269.588,-0.07486,18.702,0.446,8.38,1.059497,-0.73,
LUV,Industrials,54448,Dallas,TX,United States,Airlines,-0.30752,-0.16238001,-0.11474,1003000000,2.976,-0.41445,52.2502,,1.538,-0.06926,137.314,-0.15579,16.694,1.459,2.56,1.24072,1.36,0
LVS,Consumer Cyclical,44500,Las Vegas,NV,United States,Resorts & Casinos,-0.1616,-0.57859004,0.50633997,-1135000064,-0.156,-0.50428003,39.39,,2.284,-0.05125,454.706,-0.53995997,4.438,0.925,3.03,1.49476,16.38,0
LW,Consumer Defensive,7800,Eagle,ID,United States,Packaged Foods,0.18121,0.086569995,0.22665001,553200000,0.19,0.13144,55.305,,2.882,0.06798,600.666,0.88204,25.074,1.861,2.06,0.744075,1.39,0.43060002
LYB,Basic Materials,19200,Houston,TX,United States,Specialty Chemicals,0.18146999,0.11571,0.18115999,4043000064,1.085,0.14571999,97.38,5.558,1.956,0.0936,148.123,0.45109,105.856,0.973,2.76,1.526746,0.1,0.3505
LYV,Communication Services,8200,Beverly Hills,CA,United States,Entertainment,-0.69485,-1.1453,0.44787997,476960992,6.774,-1.03723,98.2,,1.05,-0.06996,,-4.4692,6.014,0.908,5.42,1.325443,-0.35,0
MA,Financial Services,21000,Purchase,NY,United States,Credit Services,0.56856996,0.43221,1,7638000128,0.358,0.53011,350.37,0.475,1.335,0.16448,211.585,1.0965899,16.715,0.927,1.5,1.150655,1.54,0.2333
MAA,Real Estate,2530,Germantown,TN,United States,REIT—Residential,0.55412,0.23813,0.58235,831651968,0.058,0.24895,190.64,1.898,0.092,0.02377,74.899,0.068509996,14.95,0.037,4.57,0.652838,8.25,1.1538
MAR,Consumer Cyclical,121000,Bethesda,MD,United States,Lodging,0.37888,-0.17448,0.69509006,1152000000,-0.394,0.19763,157.43,,0.452,0.00876,4755.983,-2.88785,5.43,0.42,2.53,1.8875,0.2,0
MAS,Industrials,18000,Livonia,MI,United States,Building Products & Equipment,0.20325,0.103999995,0.36161998,956000000,0.246,0.18437,56.98,-0.823,1.834,0.16768,1288.43,21.68831,29.17,1.226,4.72,1.346739,1.36,0.18969999
MCD,Consumer Cyclical,200000,Chicago,IL,United States,Restaurants,0.5007,0.31715,0.53221,8789499904,0.565,0.41693002,247.76,3.538,1.449,0.11128,,,29.166,1.236,3.09,0.627183,1.29,0.5571
MCHP,Technology,19500,Chandler,AZ,United States,Semiconductors,0.40261,0.08399,0.6297,2044600064,0.198,0.20382,145.04,0.854,1.981,0.04359,155.173,0.08685,21.411,1.176,2.29,1.671397,1.14,0.90559995
MCK,Healthcare,59000,Irving,TX,United States,Medical Distribution,0.01681,-0.01905,0.050229996,4542000128,0.01,0.013090001,201.98,-0.295,1.029,0.030869998,660.512,-1.06387,1483.362,0.577,1.26,0.87663,1.08,
MCO,Financial Services,11542,New York,NY,United States,Financial Data & Stock Exchanges,0.52664,0.36110002,0.73599,2439000064,0.082,0.48664,362.98,0.141,2.309,0.1479,287.311,1.15787,30.961,2.124,5.12,1.146834,2.95,0.21260001
MDLZ,Consumer Defensive,79000,Chicago,IL,United States,Confectioners,0.22131,0.15494001,0.40445,4198000128,0.124,0.17994,59.435,1,0.614,0.047930002,71.47,0.16114001,19.608,0.345,2.4,0.677401,2.3,0.4172
MDT,Healthcare,90000,Dublin,,Ireland,Medical Devices,0.28974,0.12286,0.66953003,7254000128,0.227,0.20416,124.39,0.556,2.889,0.043420002,50.255,0.07655,23.483,2.064,2.58,0.813864,1.74,0.8287
MET,Financial Services,,New York,NY,United States,Insurance—Life,0.10345,0.066589996,0.27029,12696000512,0.314,0.0975,65.47,53.714,1.025,0.0055,157.932,0.06387,77.962,0.802,3.08,1.312227,1.02,0.3742
MGM,Consumer Cyclical,45000,Las Vegas,NV,United States,Resorts & Casinos,0.04427,-0.19285,0.44991,-39125000,7.014,-0.14185001,44.62,,3.229,-0.01498,189.545,-0.110369995,12.725,3.086,2.14,2.448144,0.27,
MHK,Consumer Cyclical,42000,Calhoun,GA,United States,"Furnishings, Fixtures & Appliances",0.17949,0.094689995,0.29469,1604339968,0.441,0.12344,180.41,,1.872,0.05939,35.048,0.12302,153.89,1.08,3.91,1.54858,3.31,0
MKC,Consumer Defensive,13000,Hunt Valley,MD,United States,Packaged Foods,0.20822,0.12483,0.40644002,914499968,0.111,0.18117,78.877,-0.068,0.862,0.05836,126.382,0.188,22.567,0.333,3.05,0.464635,4.47,0.4659
MKTX,Financial Services,637,New York,NY,United States,Capital Markets,0.58089,0.40791,0.71605,252834000,-0.046,0.52502996,408.255,-0.195,9.511,0.18008,9.029,0.30762,18.886,7.983,4.57,0.360946,9.95,0.33330002
MLM,Basic Materials,8700,Raleigh,NC,United States,Building Materials,0.30503,0.16823,0.28279,1118099968,0.089,0.21603,354.235,0.035,2.132,0.05752,53.949,0.13232,73.277,1.034,2.12,0.63155,2,0.1855
MMC,Financial Services,76000,New York,NY,United States,Insurance Brokers,0.26841,0.12715,0.43175,3612000000,0.093,0.22565001,156.83,0.291,1.233,0.07822,140.152,0.26714,34.824,1.136,3.08,0.904347,2.11,0.42560002
MMM,Industrials,95000,St. Paul,MN,United States,Specialty Industrial Machinery,0.29003,0.17038,0.48703998,8569999872,0.247,0.23501,177.15,0.151,1.731,0.10925999,131.71,0.46612,59.938,1.112,5.88,0.953056,2.16,0.5836
MNST,Consumer Defensive,3013,Corona,CA,United States,Beverages—Non-Alcoholic,0.36082,0.2988,0.57862,1510290944,0.336,0.34986,88.5,0.271,4.451,0.18357,0.352,0.30381,9.749,3.9,3.47,1.108624,2.48,0
MO,Consumer Defensive,7100,Richmond,VA,United States,Tobacco,0.5762,0.21410999,0.65431,6118000128,0.109,0.56419,46.64,0.115,0.723,0.15826,855.788,0.99452,11.44,0.347,2.17,0.685185,2.37,1.4041001
MOS,Basic Materials,12617,Tampa,FL,United States,Agricultural Inputs,0.23177,0.14246,0.19732,1912899968,0.37,0.14732,41.95,8.5,1.205,0.04519,43.876,0.14815,26.197,0.62,1.16,1.87036,1.02,0.060599998
MPC,Energy,57900,Findlay,OH,United States,Oil & Gas Refining & Marketing,0.04903,0.08717,0.08567,4482999808,1.433,0.01045,64.72,938.595,1.978,0.00642,81.25,-0.00911,135.342,1.493,3.11,2.16703,-3.84,
MPWR,Technology,2209,Kirkland,WA,United States,Semiconductors,0.22713,0.19134001,0.55486,331056992,0.575,0.20501,467.12,0.812,5.199,0.109069996,0.51,0.20558001,22.936,4.109,2.76,0.92358,2.83,0.5238
MRK,Healthcare,73000,Kenilworth,NJ,United States,Drug Manufacturers—General,0.39541999,0.11056,0.72308,,0.049,0.32726002,80.165,-0.483,,,115.585,,19.91,,1.85,0.422807,1.09,1.3544999
MRO,Energy,1672,Houston,TX,United States,Oil & Gas E&P,0.49405,-0.13436,0.70773005,2040000000,1.538,-0.07685,16.035,,1.317,-0.01066,47.141,-0.0497,5.103,1.256,1.77,3.280567,-4.88,
MS,Financial Services,72000,New York,NY,United States,Capital Markets,0,0.24861999,0.89158,-763000000,0.08,0.39106,98.3,-0.056,1.878,0.012949999,314.976,0.14113,31.91,1.637,2.88,1.550793,2.37,0.1855
MSCI,Financial Services,3910,New York,NY,United States,Financial Data & Stock Exchanges,0.56922,0.37972,0.82675004,876236992,0.216,0.53543997,604.24,0.463,2.691,0.13758,,,22.275,2.588,2.73,0.960193,3.73,0.3732
MSFT,Technology,181000,Redmond,WA,United States,Software—Infrastructure,0.48080003,0.36451998,0.68926,76740001792,0.213,0.41595,296.65,0.486,2.08,0.13761,57.947,0.47079,22.272,1.898,2.28,0.77893,2.24,0.272
MSI,Technology,18000,Chicago,IL,United States,Communication Equipment,0.27825,0.14635,0.49207002,1854000000,0.218,0.22346,236.44,1.167,1.464,0.102419995,,,46.505,1.208,2.81,0.781113,2,0.4165
MTB,Financial Services,16978,Buffalo,NY,United States,Banks—Regional,0,0.30346,0,2189820928,0.314,0.41501,151.86,0.959,,0.01205,,0.10706,44.86,,5.1,1.195414,0.83,0.3385
MTD,Healthcare,14900,Columbus,OH,United States,Diagnostics & Research,0.28521,0.20191999,0.58583,818060992,0.239,0.26703,1364.77,0.568,1.283,0.18289,797.226,2.57067,136.628,0.809,3.48,1.016847,2.67,0
MU,Technology,40000,Boise,ID,United States,Semiconductors,0.41084,0.13602,0.30702,9317999616,0.3,0.15449001,69.69,0.472,3.18,0.043730002,17.719,0.08229999,21.088,1.939,1.27,1.250543,0.21,0
MXIM,Technology,7115,San Jose,CA,United States,Semiconductors,0.39161,0.31766,0.66666,856779008,0.184,0.34715998,103.14,0.373,5.378,0.13814999,48.824,0.41432998,9.2,4.874,4.11,1.2,1.27,0.33220002
NCLH,Consumer Cyclical,34300,Miami,FL,United States,Travel Services,0,0,0,-3355553024,-0.998,-61.7718,26.48,,2.088,-0.07872,283.747,-0.80022,0.127,1.948,3.38,2.81065,0.15,0
NDAQ,Financial Services,5696,New York,NY,United States,Financial Data & Stock Exchanges,0.30034,0.1899,0.53872,898000000,0.01,0.26077,198.91,0.414,1.025,0.059499998,92.055,0.18152,36.137,0.208,4.5,0.847161,1.88,0.2978
NEE,Utilities,14900,Juno Beach,FL,United States,Utilities—Regulated Electric,0.45714,0.18688999,0.53264,7686000128,-0.066,0.20614,78.36,-0.799,0.479,0.01688,118.194,0.057550002,8.584,0.255,3.71,0.225396,4.37,0.9188
NEM,Basic Materials,14300,Denver,CO,United States,Gold,0.51345,0.22997999,0.55821997,5118000128,0.296,0.32494998,54.015,0.907,2.671,0.06296,25.986,0.10976,15.571,1.846,1.44,0.231441,-10.54,0.5418
NFLX,Communication Services,9400,Los Gatos,CA,United States,Entertainment,0.21635,0.14243001,0.41098,2944431104,0.242,0.21169001,634.5299,1.389,1.27,0.092889994,137.684,0.35307,59.724,1.157,2.92,0.75326,1.31,0
NI,Utilities,7301,Merrillville,IN,United States,Utilities—Regulated Gas,0.36215,0.057540003,0.43800998,1099299968,0.024,0.21677,24.3,,0.811,0.02812,141.694,0.043709997,11.938,0.394,5.99,0.318777,5.34,1.72
NKE,Consumer Cyclical,75400,Beaverton,OR,United States,Footwear & Accessories,0.13475001,0.08902001,0.43358,4643999744,0.025,0.11401,151.145,0.698,2.777,0.08793,107.703,0.32685003,24.572,1.821,2.1,0.853804,2.23,0.48830003
NLOK,Technology,2800,Tempe,AZ,United States,Software—Infrastructure,0.47083,0.23523001,0.85589,794000000,0.117,0.43042,25.84,0.636,0.804,0.10880999,,,4.472,0.645,4.65,1.092794,1.1,0.4065
NLSN,Industrials,43000,New York,NY,United States,Consulting Services,0.19242,0.10863,0.57507,922000000,0.062,0.14117,19.57,,1.623,0.04463,190.498,0.041350003,17.781,1.326,5.69,1.429039,2.48,0.8571
NOC,Industrials,97000,Falls Church,VA,United States,Aerospace & Defense,0.14818,0.120950006,0.20512,3923000064,0.03,0.114779994,394.425,0.068,1.486,0.06301,126.736,0.43555,228.659,1.312,2.9,0.837336,2.2,0.2133
NOV,Energy,27631,Houston,TX,United States,Oil & Gas Equipment & Services,-0.01841,-0.10098,0.08555,659000000,-0.053,-0.08387999,14.63,,2.712,-0.02812,46.08,-0.10045999,13.966,1.859,2.78,2.315502,-1.6,0
NOW,Technology,13096,Santa Clara,CA,United States,Software—Application,0.12245,0.03297,0.77586,1953598976,0.316,0.04542,619.8,0.45,1.081,0.01869,63.786,0.059270002,26.34,0.963,4.22,0.920851,4.6,0
NRG,Utilities,4104,Princeton,NJ,United States,Utilities—Independent Power Producers,0.11395001,0.02024,0.21219999,712000000,3.007,0.06093,41.04,,1.131,0.03602,652.274,0.20111,62.088,0.611,4.06,0.829347,0.27,0.98
NSC,Industrials,19100,Norfolk,VA,United States,Railroads,0.47914,0.23513001,0.47914,3696999936,0.005,0.36141998,265.09,0.812,1.024,0.05876,89.811,0.15613,38.649,0.863,2.41,1.297826,1.48,0.42189997
NTAP,Technology,11000,San Jose,CA,United States,Computer Hardware,0.19219999,0.12708999,0.66417,1332999936,0.11,0.1633,91.9,0.643,1.738,0.06945,401.752,1.5749699,25.874,1.607,5.09,1.291554,1.49,0.5944
NTRS,Financial Services,20600,Chicago,IL,United States,Asset Management,0,0.20524,0,230700000,0.116,0.28865,116.18,0.175,,0.007900001,,0.1102,29.921,,3.01,1.101528,1.11,0.47779998
NUE,Basic Materials,26400,Charlotte,NC,United States,Steel,0.19754,0.117010005,0.20534,3230095104,1.031,0.16580999,99.08,13.125,3.107,0.12901,42.395,0.27493,86.248,1.68,1.51,1.383001,0.2,0.16059999
NVDA,Technology,18975,Santa Clara,CA,United States,Semiconductors,0.38759,0.32324,0.63758,7902000128,0.683,0.33488998,209.305,2.76,5.802,0.1436,60.486,0.40375,8.821,5.225,0.82,1.359716,1.66,0.0572
NVR,Consumer Cyclical,6100,Reston,VA,United States,Residential Construction,0.17072001,0.13036,0.22051,1075619968,0.408,0.16833,4855.94,0.94,6.049,0.17256,52.996,0.40021,2359.106,3.198,3.06,1.022925,3.2,0
NWL,Consumer Defensive,31000,Atlanta,GA,United States,Household & Personal Products,0.14194,0.06904,0.32884,1376000000,0.283,0.10852,22.29,1.556,1.233,0.048779998,152.705,0.19051,24.455,0.623,6.86,0.935043,3.55,0.5476
NWS,Communication Services,24000,New York,NY,United States,Broadcasting,0.11071,0.03526,0.48931,1236999936,0.279,0.06476,23.96,,1.378,0.02441,39.296,0.04437,15.85,1.172,2.13,1.472486,,0.35709998
NWSA,Communication Services,24000,New York,NY,United States,Broadcasting,0.11071,0.03526,0.48931,1236999936,0.279,0.06476,24.07,,1.378,0.02441,39.296,0.04437,15.85,1.172,2.26,1.472486,1.56,0.35709998
O,Real Estate,208,San Diego,CA,United States,REIT—Retail,0.90629995,0.20885,0.9348,1182033024,0.12,0.48055,67.39,0.065,0.937,0.025290001,78.719,0.03257,4.782,0.801,7.33,0.776719,8.95,2.8704002
ODFL,Industrials,21050,Thomasville,NC,United States,Trucking,0.30984,0.18802,0.37799,925099008,0.472,0.25347,287.97,0.848,2.72,0.16836001,2.937,0.26959,39.241,2.592,4.84,0.990174,1.57,0.0955
OKE,Energy,2886,Tulsa,OK,United States,Oil & Gas Midstream,0.26179,0.119049996,0.34842998,2240633088,1.041,0.20707001,61.81,1.398,0.934,0.06315,243.916,0.22198,25.419,0.612,2.38,1.996234,1.66,1.2182
OMC,Communication Services,64100,New York,NY,United States,Advertising Agencies,0.15555,0.096499994,0.18180001,2291099904,0.275,0.14013,74.96,,0.997,0.050640002,154.108,0.40272,64.804,0.849,10.5,0.941593,1.29,0.4341
ORCL,Technology,132000,Austin,TX,United States,Software—Infrastructure,0.44361,0.34162998,0.8022,15324999680,0.039,0.38528,95.75,0.194,2.042,0.083179995,,3.0970001,14.195,1.898,3.58,0.795851,1.74,0.23879999
ORLY,Consumer Cyclical,77383,Springfield,MO,United States,Specialty Retail,0.2464,0.15987,0.52628,3268182016,0.248,0.22017,606.615,0.778,0.794,0.14647001,,38.3534,168.172,0.168,2.33,1.076116,1.53,0
OXY,Energy,11800,Houston,TX,United States,Oil & Gas E&P,0.42926997,-0.24233,0.56934,6480000000,1.035,-0.0061,33.505,,1.34,-0.00088,210.754,-0.21183,20.932,0.82,1.7,2.337037,-4.37,
PAYC,Technology,4218,Oklahoma City,OK,United States,Software—Application,0.26168,0.18109,0.88383,266138000,0.333,0.22742,505.24,0.837,1.099,0.05139,12.723,0.24489,16.146,0.107,3.14,1.409359,4.2,0
PAYX,Industrials,15000,Rochester,NY,United States,Staffing & Employment Services,0.40739,0.27053,0.68665004,1260300032,0.125,0.36006,117.86,0.18,1.249,0.1027,31.411,0.38311002,11.272,0.422,7.28,0.913932,4.93,0.83169997
PBCT,Financial Services,5640,Bridgeport,CT,United States,Banks—Regional,0,0.15621,0,1182499968,0.277,0.47354,17.8,0.886,,0.00504,,0.040560003,4.806,,2.66,1.194728,0.82,1.0035
PCAR,Industrials,26000,Bellevue,WA,United States,Farm & Heavy Construction Machinery,0.11788999,0.07904,0.13422,2494099968,0.908,0.10132,83.79,2.307,4.372,0.05072,95.293,0.16739,63.904,3.709,2.51,0.991812,0.74,0.2579
PEAK,Real Estate,217,Denver,CO,United States,REIT—Healthcare Facilities,0.46677,0.28266,0.587,798201984,0.166,0.18386999,33.65,4.657,0.925,0.013400001,70.329,7.00E-05,3.317,0.172,2.17,0.668668,26.92,
PEG,Utilities,12788,Newark,NJ,United States,Utilities—Diversified,0.39625,0.21676001,0.34939998,2976000000,0.039,0.24302,59.1,0.455,0.791,0.029930001,108.644,0.13354,19.268,0.544,2.71,0.560391,7.73,0.47599998
PEP,Consumer Defensive,291000,Purchase,NY,United States,Beverages—Non-Alcoholic,0.18371001,0.11005,0.54295,11491000320,0.205,0.15678,156.36,0.441,0.914,0.08035,274.698,0.59039,54.007,0.656,1.9,0.614846,2.57,0.6997
PFE,Healthcare,78500,New York,NY,United States,Drug Manufacturers—General,0.36238,0.24001,0.76658994,15808000000,0.446,0.258,42.195,0.443,1.483,0.04603,57.648,0.14031,8.339,1.011,2.62,0.673369,0.92,0.9217
PFG,Financial Services,17400,Des Moines,IA,United States,Insurance—Diversified,0.15753001,0.11484,0.48523,2826099968,0.136,0.1384,68.48,-0.09,2.004,0.00417,26.465,0.10031,50.553,1.745,3.61,1.62882,0.65,0.39830002
PG,Consumer Defensive,101000,Cincinnati,OH,United States,Household & Personal Products,0.28282,0.18794,0.51425,18371000320,0.071,0.24689,142.215,0.054,0.697,0.09788,70.386,0.30688998,30.869,0.453,3.07,0.420851,3.39,0.5894
PGR,Financial Services,43326,Mayfield,OH,United States,Insurance—Property & Casualty,0.16311,0.12005,0.16171,7965400064,0.085,0.15588,91.3,-0.559,0.369,0.06889,28.901,0.31037,78.125,0.247,4.74,0.467794,-2.18,0.5274
PH,Industrials,54640,Cleveland,OH,United States,Specialty Industrial Machinery,0.20735,0.121700004,0.27412,2575001088,0.253,0.16586,289.5,0.713,1.814,0.07394,79.858,0.23839001,111.222,1.023,0.85,1.769104,1.78,0.2749
PHM,Consumer Cyclical,5249,Atlanta,GA,United States,Residential Construction,0.17784001,0.13582,0.26268,1408537984,0.295,0.17212,47.45,0.479,5.215,0.11427,35.91,0.25948,46.03,0.834,2.09,1.469312,0.4,0.0874
PKG,Consumer Cyclical,15200,Lake Forest,IL,United States,Packaging & Containers,0.19608,0.08971,0.2178,989100032,0.219,0.14052,139.47,2.678,3.625,0.083380006,79.438,0.19354,75.317,2.516,3.34,0.935449,1.08,0.56740004
PKI,Healthcare,14000,Waltham,MA,United States,Diagnostics & Research,0.38452,0.24353,0.58486,1454893056,0.513,0.32844,169.3,0.779,2.013,0.12962,59.968,0.32813,43.399,1.394,6.92,1.106637,0.5,0.026600001
PLD,Real Estate,1945,San Francisco,CA,United States,REIT—Industrial,0.68443,0.32419997,0.74938005,3047558912,-0.073,0.34853,128.68,0.481,0.983,0.01868,47.67,0.04617,6.481,0.444,4.53,0.740174,-10.08,1.1635
PM,Consumer Defensive,71000,New York,NY,United States,Tobacco,0.45941,0.29509002,0.68023,10840999936,0.142,0.42632,95.12,0.115,1.18,0.20068,,,19.306,0.589,2.95,0.866266,1.38,0.84660006
PNC,Financial Services,49549,Pittsburgh,PA,United States,Banks—Regional,0,0.32916,0,,1.706,0.39064,201.97,-0.712,,0.01168,,0.10995,41.847,,3.4,1.371599,-3.63,0.349
PNR,Industrials,9750,London,,United Kingdom,Specialty Industrial Machinery,0.19471,0.13949999,0.36034,668400000,0.319,0.17219,70.66,0.831,1.189,0.08643,35.169,0.22472,20.472,0.627,4.21,1.137008,1.42,0.2756
PNW,Utilities,6026,Phoenix,AZ,United States,Utilities—Regulated Electric,0.42937002,0.15358,0.45582,984748992,0.052,0.23898001,66.69,0.186,0.879,0.02792,122.525,0.10097,32.127,0.287,3.92,0.299782,155.6,0.65550005
POOL,Consumer Cyclical,4500,Covington,LA,United States,Leisure,0.14897999,0.111169994,0.2943,363608992,0.396,0.14299,446.75,0.646,2.232,0.22299999,75.329,0.78826,120.178,0.93,6.66,0.775685,2.09,0.1935
PPG,Basic Materials,46900,Pittsburgh,PA,United States,Specialty Chemicals,0.16299,0.09712,0.42654,2388999936,0.446,0.12964,152.47,3.175,1.357,0.06271,126.142,0.27209,66.085,0.876,2.89,1.124454,2.35,0.3386
PPL,Utilities,12318,Allentown,PA,United States,Utilities—Regulated Electric,0.57464004,-0.16254999,0.56983,2968000000,0.02,0.39154997,28.18,-0.945,2.162,0.04519,89.48,0.05565,9.999,2.046,2.11,0.768013,-1.56,1.66
PRGO,Healthcare,11500,Dublin,,Ireland,Drug Manufacturers—Specialty & Generic,0.15588,-0.06953,0.35674,91400000,0.034,0.083739996,45.26,,2.227,0.02251,67.743,-0.05985,37.3,0.485,3.15,1.171397,1.67,
PRU,Financial Services,41671,Newark,NJ,United States,Insurance—Life,0.06022,0.04498,0.28374,-9694999552,0.259,0.05761,110.47,,0.71,0.00245,59.444,0.048860002,153.115,0.603,3.18,1.692934,0.75,0.66620004
PSA,Real Estate,5400,Glendale,CA,United States,REIT—Industrial,0.69851,0.48153,0.72827005,2171282944,0.175,0.50859,301.895,0.397,1.243,0.07473,54.969,0.16396,18.072,1.18,3.92,0.165079,2.37,1.1004
PSX,Energy,14300,Houston,TX,United States,Oil & Gas Refining & Marketing,-0.009459999,-0.02093,0.07521,3144000000,1.472,-0.02711,82.38,,1.084,-0.02463,80.531,-0.06766,184.441,0.706,2.41,1.678493,-3.54,
PVH,Consumer Cyclical,20000,New York,NY,United States,Apparel Manufacturing,0.097559996,0.0077,0.55161,651400000,0.547,0.05752,104.81,,1.458,0.02263,100.492,0.01271,110.582,0.752,1.84,2.375543,-2.51,0
PWR,Industrials,35800,Houston,TX,United States,Engineering & Construction,0.08498,0.04457,0.15271,1014041024,-0.022,0.05688,111.35,1.385,1.717,0.04719,36.941,0.12275,79.419,1.612,2.03,1.250272,1.61,0.0641
PXD,Energy,1853,Irving,TX,United States,Oil & Gas E&P,0.23501,0.02391,0.44592997,2772000000,2.741,0.062989995,194.51,,0.552,0.016139999,32.189,0.01559,57.922,0.448,3.38,1.941593,0.2,2.0556
PYPL,Financial Services,26500,San Jose,CA,United States,Credit Services,0.21754,0.22804001,0.48444998,6191000064,0.306,0.17933,257.71,12.143,1.293,0.040430002,49.961,0.2942,19.496,0.334,1.82,1.157065,2.99,0
QCOM,Technology,41000,San Diego,CA,United States,Semiconductors,0.36315,0.28257,0.59814,11200000000,0.647,0.31723,125.26,1.392,1.718,0.18169,193.421,1.60324,28.796,1.384,1.96,1.310043,0.55,0.32880002
QRVO,Technology,8400,Greensboro,NC,United States,Semiconductors,0.36154,0.21260001,0.48498002,1429142016,0.41,0.26385,165.09,2.024,3.374,0.10108,37.578,0.20497,38.258,2.44,2.72,1.354803,1,0
RCL,Consumer Cyclical,84900,Miami,FL,United States,Travel Services,0,0,0,-4739546112,-0.979,-16.72208,87.61,,1.704,-0.06724,236.344,-0.54748,0.979,1.598,2.75,2.848369,-0.09,0
RE,Financial Services,1746,Hamilton,,Bermuda,Insurance—Reinsurance,0,0.11951999,0.13964,3396954880,0.34,0.13504,267.78,2.553,1.599,0.02934,18.343,0.13485,281.325,1.033,2.96,0.656659,0.1,0.1872
REG,Real Estate,431,Jacksonville,FL,United States,REIT—Retail,0.59498,0.20799999,0.70559,606985984,0.229,0.32618,69.49,4.091,1.281,0.02023,64.124,0.037750002,6.438,1.198,6.44,1.113227,4.16,1.7761
REGN,Healthcare,9635,Tarrytown,NY,United States,Biotechnology,0.54584,0.50875,0.62984,2271899904,1.632,0.52456003,550,2.675,3.573,0.22268999,17.833,0.51317,115.78,2.923,1.86,0.156659,3.05,0
RF,Financial Services,18814,Birmingham,AL,United States,Banks—Regional,0,0.37238,0,2108000000,1.894,0.47349,21.915,,,0.0172,,0.1437,7.215,,2.49,1.47619,0.19,0.2441
RHI,Industrials,13000,Menlo Park,CA,United States,Staffing & Employment Services,0.09864,0.07856,0.40348998,,0.426,0.0876,108.885,2.249,,,24.012,,48.959,,4.23,1.565288,0.76,0.377
RJF,Financial Services,14800,St. Petersburg,FL,United States,Capital Markets,0,0.123859994,0.93925005,1827000064,0.257,0.16747,96.87,1.092,2.951,0.0198,50.858,0.14484,61.737,2.934,2.97,1.239934,0.72,0.2032
RL,Consumer Cyclical,12100,New York,NY,United States,Apparel Manufacturing,0.15986,0.03238,0.66183,698800000,1.823,0.11428001,111.86,,2.072,0.04812,129.985,0.06497,71.796,1.638,4.41,1.5131,0.22,0.3015
RMD,Healthcare,7770,San Diego,CA,United States,Medical Instruments & Supplies,0.33013,0.14792,0.59819,840457984,-0.001,0.29181,252.105,,1.673,0.123950005,32.068,0.18416001,21.293,0.904,1.59,0.304134,2.04,0.4984
ROK,Industrials,23500,Milwaukee,WI,United States,Specialty Industrial Machinery,0.19822,0.22816,0.41682997,1382700032,0.326,0.173,300.495,-0.15,1.338,0.09192,91.529,0.83628,58.298,0.955,6.75,1.377183,2.88,0.3214
ROL,Consumer Cyclical,15616,Atlanta,GA,United States,Personal Services,0.22659001,0.14548,0.5199,420217984,0.153,0.18661,36.52,0.311,0.725,0.14237,33.17,0.34877998,4.664,0.593,9.55,0.531113,7,0.39220002
ROP,Industrials,18400,Sarasota,FL,United States,Specialty Industrial Machinery,0.36213002,0.17795,0.6464,1697200000,0.217,0.2594,452.4508,0.293,0.718,0.04518,78.472,0.10163,57.052,0.577,4.02,1.038209,2.68,0.2191
ROST,Consumer Cyclical,93700,Dublin,CA,United States,Apparel Retail,0.14343001,0.07734,0.32836,3418906880,0.79,0.12272,106.3,22.167,1.769,0.10646,144.126,0.39576998,49.117,1.321,1.81,1.041798,0.29,0.1508
RSG,Industrials,35000,Phoenix,AZ,United States,Waste Management,0.30029,0.10634,0.41432,2620900096,0.146,0.18972999,126.12,0.457,0.64,0.053540003,105.664,0.13223,33.048,0.576,2.17,0.723253,3.22,0.48430002
RTX,Industrials,181000,Waltham,MA,United States,Aerospace & Defense,0.1471,0.03506,0.16600999,4950000128,0.129,0.073709995,90.53,,1.175,0.01792,45.422,0.032479998,41.547,0.789,4.03,1.051855,0.85,1.145
SBAC,Real Estate,1483,Boca Raton,FL,United States,REIT—Specialty,0.66231,0.123339996,0.75494003,1171896960,0.135,0.3325,331.675,5.85,0.77,0.04689,,,19.785,0.628,2.78,0.20524,0.66,0.8672
SBUX,Consumer Cyclical,349000,Seattle,WA,United States,Restaurants,0.20238,0.104270004,0.28152,5959099904,0.776,0.14613,111.34,,1.017,0.0845,,,23.071,0.775,2.23,0.87227,0.66,0.73330003
SCHW,Financial Services,32500,Westlake,TX,United States,Capital Markets,0,0.28879,0.96766996,7840999936,0.848,0.41654998,77.53,0.229,0.371,0.0094,56.842,0.103819996,9.184,0.369,3.18,1.049672,1.09,0.3038
SEE,Consumer Cyclical,16500,Charlotte,NC,United States,Packaging & Containers,0.19307,0.09556,0.31519,723500032,0.154,0.15844,57.4561,0.106,1.285,0.087110005,4059.275,40.818558,33.585,0.725,3.18,1.271288,1.82,0.2186
SHW,Basic Materials,61031,Cleveland,OH,United States,Specialty Chemicals,0.18878001,0.1105,0.46356,3535300096,0.169,0.15892,290.535,0.12,0.838,0.09516,382.886,0.64706004,73.507,0.454,3.19,1.075327,2.81,0.2498
SIVB,Financial Services,4656,Santa Clara,CA,United States,Banks—Regional,0,0.3538,0,1491283968,1.377,0.51428,672.67,2.933,,0.01585,,0.19908,87.76,,2.54,2.06576,2.32,0
SJM,Consumer Defensive,7100,Orrville,OH,United States,Packaged Foods,0.21903999,0.10055,0.38164002,1293799936,-0.058,0.16166,121.21,-0.317,0.707,0.04814,58.552,0.096049994,71.065,0.266,9.75,0.32096,13.04,0.50490004
SLB,Energy,86000,Houston,TX,United States,Oil & Gas Equipment & Services,0.18982,0.04721,0.13494,3006000128,0.052,0.09613,32.425,,1.375,0.0304,120.4,0.08347999,15.518,0.914,2.59,2.298941,0.42,0.6849
SLG,Real Estate,794,New York,NY,United States,REIT—Office,0.41408002,0.32122,0.60083,433195008,-0.184,0.18745,74.48,0.986,4.204,0.00918,99.038,0.05992,14.03,3.298,8.94,1.551322,-5.43,0.8833
SNA,Industrials,12300,Kenosha,WI,United States,Tools & Accessories,0.26865998,0.17628999,0.51755,1099100032,0.444,0.24882,214.76,1.032,2.577,0.107889995,37.58,0.21484,82.711,1.842,14.55,1.277292,1.64,0.33220002
SNPS,Technology,15036,Mountain View,CA,United States,Software—Infrastructure,0.22311,0.18481001,0.80263,1324214016,0.096,0.18527001,290.9128,-0.216,1.184,0.05847,13.076,0.15411,26.727,1.024,2.07,1.079148,3.09,0
SO,Utilities,27700,Atlanta,GA,United States,Utilities—Regulated Electric,0.4385,0.14406,0.47085997,6752999936,0.125,0.25823,61.985,-0.395,0.819,0.0287,163.175,0.095240004,20.618,0.369,2.95,0.448144,3.09,0.8746
SPG,Real Estate,2400,Indianapolis,IN,United States,REIT—Retail,0.71809995,0.31688,0.80963,3390135040,0.181,0.44245997,132.1822,1.263,0.521,0.037609998,634.492,0.50394,14.637,0.501,6.46,1.552947,2.82,1.4442
SPGI,Financial Services,23000,New York,NY,United States,Financial Data & Stock Exchanges,0.55941004,0.3141,0.72674006,3640999936,0.084,0.53376,430.54,0.006,2.091,0.21334,110.663,0.75109,32.564,2.001,14.31,0.948689,3.66,0.2829
SRE,Utilities,19000,San Diego,CA,United States,Utilities—Diversified,0.37845,0.3475,0.38776,2775000064,0.076,0.23302001,123.42,0.13,0.611,0.024820002,96.79,0.09702,39.576,0.41,2.05,0.657236,3.85,0.5923
STE,Healthcare,13000,Dublin,,Ireland,Medical Devices,0.26417,0.08394,0.44252,652944000,0.448,0.18964,220.69,,1.754,0.046240002,58.29,0.05666,39.387,1.116,2.01,0.550218,2.82,0.479
STT,Financial Services,39146,Boston,MA,United States,Asset Management,0,0.20275,0,-13168000000,0.057,0.28243,91.27,0.113,,0.00782,,0.09488,33.403,,1.68,1.560043,0.83,0.3312
STX,Technology,40000,Dublin,,Ireland,Computer Hardware,0.17761,0.12302,0.2731,1626000000,0.197,0.14044,81.5558,2.228,1.294,0.1065,825.198,1.0868499,44.136,0.811,4.66,1.113537,0.75,0.4963
STZ,Consumer Defensive,9300,Victor,NY,United States,Beverages—Wineries & Distilleries,0.3832,0.14609,0.53918,2836000000,0.032,0.34817,221.06,,1.606,0.07215,82.906,0.10904,44.788,0.692,1.98,1.206024,2.33,0.4681
SWK,Industrials,53100,New Britain,CT,United States,Tools & Accessories,0.19833,0.10797,0.36207,2385700096,0.366,0.16379,176.61,0.849,1.213,0.073070005,43.285,0.17179,106.582,0.451,2.61,1.413755,1.15,0.2504
SWKS,Technology,10000,Irvine,CA,United States,Semiconductors,0.39464,0.2984,0.49581,1640700032,0.515,0.32667,160.585,1.623,7.819,0.1546,33.207,0.30895,28.718,6.13,2.39,1.082423,1.04,0.2356
SYF,Financial Services,16500,Stamford,CT,United States,Credit Services,0,0.40173998,0,6848999936,1.478,0.57307,49.5,34.333,,0.03519,,0.25429,14.192,,1.9,1.765079,0.2,0.1574
SYK,Healthcare,43000,Kalamazoo,MI,United States,Medical Devices,0.27976,0.12821999,0.65001,3396000000,0.554,0.22202,260.0764,,2.124,0.06917,92.142,0.15677,43.179,1.185,3.14,,2.23,0.65309995
SYY,Consumer Defensive,57000,Houston,TX,United States,Food Distribution,0.03293,-0.00557,0.18186001,2019995008,-0.137,0.01668,82.41,,1.653,0.02161,937.366,-0.14055,86.39,1.161,3.79,1.42383,0.42,
T,Communication Services,226840,Dallas,TX,United States,Telecom Services,0.29995,-0.01106,0.51745,43042000896,0.076,0.17442,26.13,0.227,0.766,0.03512,113.358,-0.00284,24.595,0.389,3.61,0.749327,3.05,
TAP,Consumer Defensive,17000,Golden,CO,United States,Beverages—Brewers,0.23806,-0.05607,0.41476002,1384300032,0.174,0.16529,46.29,0.991,0.736,0.03573,64.487,-0.041890003,45.566,0.49,11.26,1.126091,2.84,0
TDG,Industrials,14200,Cleveland,OH,United States,Aerospace & Defense,0.39173,0.117860004,0.50788,846000000,0.192,0.33632,644.03,,4.109,0.05293,,,80.827,3.232,9.27,1.6,4.06,0
TDY,Technology,10670,Thousand Oaks,CA,United States,Scientific & Technical Instruments,0.23225,0.10772,0.40495998,722899968,0.508,0.1901,423.94,-0.403,2.517,0.043670002,67.139,0.07366,91.111,1.574,2.38,1.138095,1.61,0
TEL,Technology,80000,Schaffhausen,,Switzerland,Electronic Components,0.22574,0.11813,0.31971002,2622000128,0.509,0.17207001,146.24,,1.586,0.07745,41.872,0.17497,43.467,0.946,3.58,1.353165,2.12,0.38259998
TER,Technology,5600,North Reading,MA,United States,Semiconductor Equipment & Materials,0.34584,0.27653,0.58545,847358976,0.295,0.30886,109.07,0.676,2.74,0.18349001,17.125,0.4497,20.739,2.136,3.22,1.301587,1.49,0.0783
TFC,Financial Services,52248,Charlotte,NC,United States,Banks—Regional,0,0.25295,0,6136000000,0.21,0.39123002,60.36,0.733,,0.01092,,0.08165,16.462,,2.89,1.33024,1.23,0.47
TFX,Healthcare,14000,Wayne,PA,United States,Medical Instruments & Supplies,0.27566,0.13057,0.54151,567417984,0.258,0.18857001,356.44,6.322,2.728,0.04579,70.126,0.10706,57.607,1.512,2.47,1.186681,2.83,0.1833
TGT,Consumer Defensive,409000,Minneapolis,MN,United States,Discount Stores,0.11,0.06287,0.30023,8830999552,0.095,0.084680006,229.89,0.09,1.042,0.10686,104.132,0.4598,201.381,0.379,2.61,0.980895,1.43,0.2167
TJX,Consumer Cyclical,320000,Framingham,MA,United States,Apparel Retail,0.07993,0.039979998,0.35291,7289645056,1.288,0.057010002,63.13,,1.516,0.04836,241.703,0.27796,31.464,0.955,2.1,0.98531,0.19,0.20799999
TMO,Healthcare,80000,Waltham,MA,United States,Diagnostics & Research,0.348,0.22473,0.51331,10252000256,0.341,0.28374,582.28,0.59,2.781,0.10493,50.988,0.25764,96.835,1.921,2.55,0.725925,5.11,0.044499997
TMUS,Communication Services,75000,Bellevue,WA,United States,Telecom Services,0.34206,0.04934,0.57543,13685999616,0.129,0.13109,118.55,7.785,0.942,0.033210002,164.076,0.06,63.799,0.761,4.58,0.548034,1.38,0
TPR,Consumer Cyclical,12100,New York,NY,United States,Luxury Goods,0.22867,0.14517,0.70893997,1323699968,1.26,0.19061,37.4,,2.367,0.08396,105.556,0.30139,20.678,1.733,0.86,1.528384,1.37,0
TRMB,Technology,11402,Sunnyvale,CA,United States,Scientific & Technical Instruments,0.2152,0.15010999,0.58413,797600000,0.288,0.16036,80.82,1.2,1.279,0.050869998,38.509,0.1472,13.751,0.914,1.79,1.566137,3.61,0
TROW,Financial Services,7804,Baltimore,MD,United States,Asset Management,0.49835998,0.42227,0.59523,2080199936,0.363,0.47088,196.77,0.357,1.897,0.20091,1.579,0.38951,31.197,1.897,9.71,1.189956,1.09,0.31280002
TRV,Financial Services,29988,New York,NY,United States,Insurance—Property & Casualty,0.17186001,0.11297,0.28294,7265999872,0.174,0.14668,157.23,,0.381,0.02648,25.003,0.13562,133.407,0.205,4.26,0.772486,1.6,0.2308
TSCO,Consumer Cyclical,45000,Brentwood,TN,United States,Specialty Retail,0.13664,0.0739,0.35481,1210284032,0.134,0.1166,195.14,0.1,1.712,0.121079996,192.729,0.47765,102.377,0.678,5.6,0.957142,2.76,0.24530001
TSLA,Consumer Cyclical,70757,Palo Alto,CA,United States,Auto Manufacturers,0.12663001,0.0318,0.21177,8024000000,0.736,0.06013,793.3884,21.304,1.661,0.02994,51.138,0.0716,38.052,1.281,1.28,1.995108,2.69,0
TSN,Consumer Defensive,139000,Springdale,AR,United States,Farm Products,0.11259,0.05134,0.13408,3822000128,0.245,0.086169995,78.7933,0.424,1.489,0.0701,62.014,0.14885001,125.89,0.637,1.91,0.831331,1.38,0.2643
TT,Industrials,35000,Swords,,Ireland,Specialty Industrial Machinery,0.16381,0.09948,0.31908,2308000000,0.22,0.14565,170.755,0.931,1.579,0.06916,76.71,0.21982001,56.341,1.206,1.41,1.227541,1.58,0.4036
TTWO,Communication Services,6495,New York,NY,United States,Electronic Gaming & Multimedia,0.25342,0.19454001,0.59492,615137024,-0.022,0.22393,171.45,0.688,1.854,0.080369994,5.186,0.20777,29.157,1.444,2.33,0.53548,2.88,0
TWTR,Communication Services,6600,San Francisco,CA,United States,Internet Content & Information,0.21282,0.08636,0.64233,1317238016,0.742,0.12141,62.56,,4.308,0.02424,83.354,0.05001,5.605,4.235,1.5,0.773471,1.75,0
TXN,Technology,30000,Dallas,TX,United States,Semiconductors,0.49517,0.4012,0.65462995,7538999808,0.414,0.45215,195.025,0.385,5.078,0.24899,56.048,0.71554,18.2,4.08,4.37,1.005458,2.4,0.5523
TXT,Industrials,33000,Providence,RI,United States,Aerospace & Defense,0.10375,0.05653,0.15531,1692000000,0.291,0.072399996,71.77,,2.727,0.03659,69.202,0.121429995,54.788,1.218,4.43,1.765608,0.8,0.025899999
TYL,Technology,5579,Plano,TX,United States,Software—Application,0.20065,0.16233999,0.49130002,370086016,0.066,0.15689,477.75,-0.241,3.237,0.04083,29.793,0.09764,28.153,3.155,2.38,0.565217,7.2,0
UA,Consumer Cyclical,7000,Baltimore,MD,United States,Apparel Manufacturing,0.11662,0.06617,0.49402002,624508992,0.91,0.08931,17.47,,2.308,0.06156,92.444,0.22038999,11.936,1.463,2.19,1.32328,1.78,0
UAA,Consumer Cyclical,7000,Baltimore,MD,United States,Apparel Manufacturing,0.11662,0.06617,0.49402002,624508992,0.91,0.08931,20.045,,2.308,0.06156,92.444,0.22038999,11.936,1.463,2.45,1.32328,1.48,0
UAL,Industrials,84400,Chicago,IL,United States,Airlines,-0.46365002,-0.37888,-0.19879,-944000000,2.709,-0.62304,49.14,,1.366,-0.090229996,851.631,-0.82392997,47.511,1.266,1.57,1.579148,0.03,0
UDR,Real Estate,1263,Highlands Ranch,CO,United States,REIT—Residential,0.59523,0.0129,0.66233003,617457984,0.018,0.117410004,52.78,-0.811,0.222,0.0094,144.426,0.0042,4.221,0.004,9.63,0.735807,-12.47,48.0833
UHS,Healthcare,89000,King of Prussia,PA,United States,Medical Care Facilities,0.16580999,0.08879,0.40787998,1028248000,0.171,0.12279,130.435,0.285,1.201,0.07508,59.497,0.176,144.328,1.009,3.52,1.203602,1.66,0.0317
ULTA,Consumer Cyclical,16000,Bolingbrook,IL,United States,Specialty Retail,0.18243,0.095010005,0.42495,1195778944,0.602,0.14555,383.52,31.571,1.806,0.13328,98.573,0.39855,137.252,0.669,2.43,1.709606,0.45,0
UNH,Healthcare,330000,Minnetonka,MN,United States,Healthcare Plans,0.08474,0.05333,0.24308,20772999168,0.148,0.07676,407.735,-0.355,0.715,0.06481,65.76,0.21114999,287.327,0.65,2.96,0.770196,1.74,0.3432
UNM,Financial Services,10300,Chattanooga,TN,United States,Insurance—Life,0.094119996,0.052670002,0.23266001,289300000,-0.009,0.085319996,28.42,-0.315,25.806,0.01015,31.435,0.06531,65.344,5.619,2.15,1.713824,1.32,0.33240002
UNP,Industrials,29910,Omaha,NE,United States,Railroads,0.52283,0.28601998,0.59168,8367000064,0.297,0.41532,216.31,0.629,0.864,0.08498,212.298,0.38251,30.77,0.649,2.54,1.150793,1.52,0.45330003
UPS,Industrials,540000,Atlanta,GA,United States,Integrated Freight & Logistics,0.1113,0.06573,0.19466999,12965999616,0.145,0.08048,181.94,0.502,1.394,0.07329,242.062,0.79984003,106.1,1.294,3.24,1.064021,1.11,0.5876
URI,Industrials,18250,Stamford,CT,United States,Rental & Leasing Services,0.26742,0.113620006,0.38217998,3131000064,0.179,0.22509001,347.75,0.372,0.847,0.06603,215.587,0.22242,121.843,0.699,3.25,2.026746,0.98,0
USB,Financial Services,70000,Minneapolis,MN,United States,Banks—Regional,0,0.32512,0,8734999552,0.465,0.41752,62.05,2.14,,0.013359999,,0.13912,15.089,,2.55,1.108994,0.93,0.36049998
V,Financial Services,20500,San Francisco,CA,United States,Credit Services,0.68292,0.47971,0.96781,13351999488,0.267,0.64768,228.02,0.1,2,0.1142,55.56,0.29637,10.623,1.623,3.72,0.97762,1.95,0.2545
VFC,Consumer Cyclical,27200,Denver,CO,United States,Apparel Manufacturing,0.13114001,0.09826,0.53905,1397421056,1.039,0.10553,69.52,,1.486,0.05249,211.609,0.2543,26.535,0.981,4,1.475132,0.48,0.97010005
VIAC,Communication Services,22109,New York,NY,United States,Entertainment,0.20177001,0.107530005,0.41221002,3660999936,0.14,0.18681,39.392,0.725,1.78,0.058930002,96.366,0.17686,42.392,1.472,2.47,1.674102,-3.54,0.2212
VLO,Energy,9964,San Antonio,TX,United States,Oil & Gas Refining & Marketing,0.01525,-0.01801,0.022249999,2216999936,1.739,-0.01545,78.16,-0.873,1.363,-0.014,78.486,-0.051760003,186.192,0.854,3.5,2.134279,-41.79,
VMC,Basic Materials,8847,Birmingham,AL,United States,Building Materials,0.26926002,0.13639,0.26674,1042641024,0.029,0.18677999,174.285,-0.072,3.672,0.04995,52.014,0.11205,37.039,2.577,2.55,0.573689,2.09,0.2801
VNO,Real Estate,2899,New York,NY,United States,REIT—Office,0.43076,-0.027449999,0.52978003,629233984,0.148,0.19103001,44.18,,8.05,0.011080001,117.674,-0.00483,8.417,7.262,9.99,1.367903,6.1,
VRSK,Industrials,8960,Jersey City,NJ,United States,Consulting Services,0.45207,0.23692,0.64434,1138000000,0.101,0.36181,207.14,-0.13,0.615,0.08877,122.883,0.2756,17.787,0.521,1.88,0.784934,4.54,0.2692
VRSN,Technology,907,Reston,VA,United States,Software—Infrastructure,0.68281,0.48514998,0.85613,675654976,0.048,0.64634,204.8,-0.008,1.191,0.2929,,,11.376,1.135,2.49,0.793122,5.1,0
VRTX,Healthcare,3400,Boston,MA,United States,Biotechnology,0.35668,0.29799,0.45648,2120568064,0.176,0.33931,180.015,-0.919,4.605,0.12634,9.72,0.2383,25.764,4.159,3.61,0.62882,1.65,0
VTR,Real Estate,448,Chicago,IL,United States,REIT—Healthcare Facilities,0.38821998,0.04129,0.47796002,1259021056,-0.013,0.14384,54.55,,0.543,0.0138,116.905,0.0152,9.859,0.371,5.93,1.29203,-52,4.2857
VTRS,Healthcare,40000,Canonsburg,PA,United States,Drug Manufacturers—Specialty & Generic,0.36692002,-0.13118,0.41441002,1969400064,0.676,0.12311,13.685,,1.16,0.02724,116.302,-0.124230005,16.478,0.517,3.21,1.481441,10.4,
VZ,Communication Services,129300,New York,NY,United States,Telecom Services,0.36988,0.15045,0.58655,38654001152,0.109,0.24507,52.22,0.239,0.889,0.06335,239.657,0.29518998,32.085,0.67,3.29,0.455621,2.9,0.5197
WAB,Industrials,27000,Pittsburgh,PA,United States,Railroads,0.1685,0.05568,0.28695,1157799936,-0.052,0.11294,89.53,0.021,1.193,0.028210001,44.998,0.04163,39.384,0.595,3.7,1.660869,2.9,0.2202
WAT,Healthcare,7400,Milford,MA,United States,Diagnostics & Research,0.35688,0.24732,0.58163,801505024,0.311,0.30824,342.93,0.359,2.406,0.17889,639.204,17.26095,43.046,1.772,5.7,0.800218,4.25,0
WBA,Healthcare,223000,Deerfield,IL,United States,Pharmaceutical Retailers,0.02925,-0.00433,0.19391,5555999744,0.046,0.01808,47.59,0.104,0.835,0.0178,190.299,-0.029260002,164.216,0.189,2.61,0.455434,2.12,
WDC,Technology,63800,San Jose,CA,United States,Computer Hardware,0.12646,0.021300001,0.24489,1076000000,-0.009,0.044320002,56.73,10.081,2.007,0.017719999,93.135,0.03616,53.715,1.031,0.97,1.600543,0.13,0
WEC,Utilities,7200,Milwaukee,WI,United States,Utilities—Regulated Electric,0.35674,0.16246,0.37617,2042599936,0.082,0.22823,87.57,0.145,0.675,0.03115,132.517,0.12001,25.212,0.361,3,0.208994,3.68,0.64059997
WELL,Real Estate,423,Toledo,OH,United States,REIT—Healthcare Facilities,0.38636002,0.13491,0.41092998,1192052992,-0.04,0.15729,82.7404,-0.857,2.362,0.013090001,80.968,0.03873,10.429,1.204,6.16,1.051102,11.07,1.5346
WFC,Financial Services,259196,San Francisco,CA,United States,Banks—Diversified,0,0.22117001,0,-42872999936,1.447,0.26841,47.72,,,0.00922,,0.09672,18.501,,1.97,1.358624,0.09,0.1067
WHR,Consumer Cyclical,78000,Benton Harbor,MI,United States,"Furnishings, Fixtures & Appliances",0.14809,0.08778,0.21864,2891000064,0.317,0.12241,198.05,18.468,1.201,0.08595,120.629,0.42664,346.121,0.769,12.1,1.813756,1.06,0.1694
WLTW,Financial Services,46000,London,,United Kingdom,Insurance Brokers,0.25285,0.15027,0.43730998,1623000064,0.05,0.18921,242.2,1.406,1.097,0.02935,52.765,0.1314,72.892,0.245,5.53,0.81576,2.31,0.2543
WM,Industrials,48250,Houston,TX,United States,Waste Management,0.2879,0.09688,0.38956,3944999936,0.257,0.17728001,154.69,0.153,0.876,0.06576,180.092,0.22461,39.086,0.758,2.83,0.817989,2.14,0.59419996
WMB,Energy,4739,Tulsa,OK,United States,Oil & Gas Midstream,0.49808997,0.12948,0.55224,3537999872,0.282,0.30045,28.605,0.001,0.698,0.03687,162.874,0.08247,7.345,0.585,2.99,1.46455,4.22,1.7053
WMT,Consumer Defensive,2300000,Bentonville,AR,United States,Discount Stores,0.07139,0.01775,0.25098,29540999168,0.024,0.052160002,139.79,-0.33,0.965,0.07755,70.581,0.12319,200.867,0.357,2.1,0.478711,2.95,0.6124
WRB,Financial Services,7495,Greenwich,CT,United States,Insurance—Property & Casualty,0.17446,0.10569,0.43692002,1732643968,0.186,0.15838,77.1,2.342,0.449,0.030250002,47.128,0.15028,47.482,0.272,3.13,0.840611,1.91,0.0988
WRK,Consumer Cyclical,,Atlanta,GA,United States,Packaging & Containers,0.15132,-0.04063,0.17899,2323500032,-0.002,0.06985,51.24,-0.263,1.516,0.025559999,87.586,-0.0627,67.025,0.828,1.76,1.273913,0.63,
WST,Healthcare,9200,Exton,PA,United States,Medical Instruments & Supplies,0.29023,0.20583001,0.39354,500400000,0.373,0.24472,407.6916,1.041,3.125,0.14488,15.714,0.28535998,34.088,2.236,2.51,1.003275,2.17,0.097799994
WU,Financial Services,11000,Denver,CO,United States,Credit Services,0.24419,0.16103001,0.41569,879200000,0.157,0.2006,20.695,0.385,0.282,0.07132,1046.734,7.60921,12.235,0.203,10.01,1.007096,1.14,0.4694
WY,Real Estate,9400,Seattle,WA,United States,REIT—Specialty,0.40415,0.23252001,0.41006002,3057999872,0.928,0.35631,37.245,13.212,2.848,0.12836,50.702,0.24555999,13.127,2.11,2.14,1.866158,2.12,0.1672
WYNN,Consumer Cyclical,27500,Las Vegas,NV,United States,Resorts & Casinos,0.0435,-0.51738,0.56235003,-691244992,10.554,-0.21591999,89.51,,1.267,-0.026919998,,,25.349,1.201,1.25,2.443386,0.17,0
XEL,Utilities,11367,Minneapolis,MN,United States,Utilities—Regulated Electric,0.3502,0.12564999,0.41204,2043000064,0.26,0.17639999,62.52,0.196,0.885,0.0251,166.503,0.10998999,23.125,0.536,2.45,0.303046,3.75,0.6026
XLNX,Technology,4890,San Jose,CA,United States,Semiconductors,0.29635,0.23004,0.68967,1237646976,0.209,0.23882,157.05,1.184,5.576,0.08719,49.498,0.27909002,13.471,5.069,7.28,1.000529,4.88,0.2476
XOM,Energy,72000,Irving,TX,United States,Oil & Gas Integrated,0.113249995,-0.061750002,0.31561002,27307999232,1.04,0.02937,61.825,,0.849,0.01134,36.611,-0.07788,50.522,0.514,2.23,1.419759,12.9,
XRAY,Healthcare,15000,Charlotte,NC,United States,Medical Instruments & Supplies,0.19570999,0.049790002,0.51845,694000000,0.175,0.101569995,57.37,,1.399,0.025810001,48.195,0.036170002,15.983,0.793,2.07,0.930359,0.82,0.5128
XRX,Technology,24000,Norwalk,CT,United States,Information Technology Services,0.115830004,0.04125,0.36111,672000000,0.224,0.07361,20.92,3.182,1.923,0.023459999,82.429,0.05302,36.313,1.53,4.32,1.786243,-0.81,0.7143
XYL,Industrials,15600,Rye Brook,NY,United States,Specialty Industrial Machinery,0.16826999,0.074039996,0.38519,851000000,0.165,0.12038,119.95,2.647,1.849,0.04542,102.853,0.1302,28.861,1.437,4.88,1.061904,2.34,0.5094
YUM,Consumer Cyclical,38000,Louisville,KY,United States,Restaurants,0.36821,0.21213,0.48734,1716000000,0.337,0.34098,122.32,0.925,0.972,0.22173001,,,20.895,0.691,3.2,1.031659,1.86,0.44599998
ZBH,Healthcare,20000,Warsaw,IN,United States,Medical Devices,0.30462998,0.11614,0.70658994,1506800000,0.653,0.17037001,144.975,,1.829,0.03509,62.516,0.07596,37.955,0.841,2.1,1.3,1.7,0.2177
ZBRA,Technology,8800,Lincolnshire,IL,United States,Communication Equipment,0.21243,0.14756,0.4694,1146000000,0.44,0.18029,497.98,1.2,0.985,0.11409,44.11,0.34699002,96.695,0.612,2.21,1.650264,3.34,0
ZION,Financial Services,9727,Salt Lake City,UT,United States,Banks—Regional,0,0.3548,0,604000000,0.725,0.46765,62.97,5.118,,0.01387,,0.14544,19.579,,3.92,1.487301,-0.27,0.2051
ZTS,Healthcare,11300,Parsippany,NJ,United States,Drug Manufacturers—Specialty & Generic,0.41541,0.25756,0.69738,2160999936,0.258,0.36212003,197.65,0.354,3.371,0.12363,168.819,0.51942,15.591,2.317,3.03,0.633733,3.41,0.22559999
